A,linear ,,,,A,quadratic,,,,A,chaining,,,,B,linear ,,,,B,quadratic,,,,B,chaining,,
insert,search,Insert,search,,insert,search,Insert,search,,insert,search,Insert,search,,insert,search,Insert,search,,insert,search,Insert,search,,insert,search,Insert,search
8.00E-08,0.00011608,0,0,,1.00E-08,8.95E-05,0,0,,1.70E-07,4.28E-06,0,0,,8.00E-08,0.00013246,0,0,,8.00E-08,0.00014189,0,0,,1.00E-08,3.71E-06,0,0
8.00E-08,0.00011608,0,0,,3.00E-08,8.95E-05,0,0,,1.70E-07,4.28E-06,0,0,,8.00E-08,0.00013246,3,0,,2.70E-07,0.0001419,3,0,,3.00E-08,3.77E-06,3,0
9.00E-08,0.00011608,0,0,,1.40E-07,8.96E-05,0,0,,1.90E-07,4.28E-06,0,0,,1.00E-07,0.00013246,0,0,,3.30E-07,0.00014191,0,0,,3.00E-08,3.87E-06,0,0
1.10E-07,0.00011608,0,0,,1.40E-07,8.96E-05,0,0,,2.10E-07,4.28E-06,0,0,,1.20E-07,0.00013246,1,0,,6.20E-07,0.00014191,1,0,,5.00E-08,4.00E-06,1,0
1.10E-07,0.00011615,2,0,,2.70E-07,8.96E-05,2,0,,2.10E-07,4.36E-06,2,0,,1.20E-07,0.00013246,6,0,,6.20E-07,0.00014191,6,0,,5.00E-08,4.00E-06,6,0
1.20E-07,0.00011622,1,0,,2.90E-07,8.96E-05,1,0,,2.30E-07,4.36E-06,1,0,,1.30E-07,0.00013246,5,0,,6.70E-07,0.00014191,5,0,,5.00E-08,4.00E-06,4,0
1.20E-07,0.00011622,0,0,,2.90E-07,8.96E-05,0,0,,2.30E-07,4.36E-06,0,0,,1.30E-07,0.00013246,6,0,,6.90E-07,0.00014216,6,0,,7.00E-08,4.00E-06,6,0
1.40E-07,0.00011622,2,0,,3.10E-07,8.96E-05,2,0,,2.40E-07,4.36E-06,2,0,,1.50E-07,0.00013246,2,0,,9.40E-07,0.00014229,2,0,,7.00E-08,4.00E-06,1,0
1.40E-07,0.00011622,1,0,,3.10E-07,8.96E-05,1,0,,2.40E-07,4.36E-06,1,0,,1.50E-07,0.00013246,8,0,,1.15E-06,0.00014238,8,0,,7.00E-08,4.00E-06,8,0
1.40E-07,0.00011623,1,2,,3.30E-07,8.96E-05,1,2,,2.40E-07,4.36E-06,1,2,,1.50E-07,0.00013246,6,0,,1.30E-06,0.00014238,6,0,,9.00E-08,4.00E-06,6,0
1.50E-07,0.00011623,4,0,,3.30E-07,8.96E-05,4,0,,2.60E-07,4.36E-06,4,0,,1.60E-07,0.00013246,14,3,,1.55E-06,0.00014238,14,3,,9.00E-08,4.00E-06,13,0
1.50E-07,0.0001163,0,0,,3.30E-07,8.96E-05,0,0,,2.60E-07,4.36E-06,0,0,,1.60E-07,0.00013246,9,0,,1.69E-06,0.00014238,9,0,,1.10E-07,4.00E-06,8,0
1.70E-07,0.0001163,3,0,,3.50E-07,8.96E-05,3,0,,2.80E-07,4.36E-06,3,0,,1.80E-07,0.00013246,11,0,,1.72E-06,0.00014247,11,0,,1.10E-07,4.00E-06,10,0
1.70E-07,0.0001163,3,1,,3.50E-07,8.96E-05,3,1,,2.80E-07,4.36E-06,3,1,,2.00E-07,0.00013246,7,0,,1.75E-06,0.00014247,7,0,,1.10E-07,4.00E-06,6,0
1.70E-07,0.0001163,10,1,,3.70E-07,8.96E-05,10,1,,2.80E-07,4.36E-06,10,1,,2.00E-07,0.00013246,12,1,,1.75E-06,0.00014248,11,1,,1.30E-07,4.00E-06,10,0
1.80E-07,0.0001163,4,4,,3.70E-07,8.96E-05,4,4,,3.00E-07,4.36E-06,4,4,,2.20E-07,0.00013246,10,0,,1.75E-06,0.00014248,11,0,,1.30E-07,4.00E-06,10,0
1.80E-07,0.0001163,1,0,,3.70E-07,8.96E-05,1,0,,3.00E-07,4.36E-06,1,0,,2.20E-07,0.00013246,6,0,,1.77E-06,0.00014248,6,0,,1.50E-07,4.00E-06,5,0
1.90E-07,0.0001163,2,2,,3.90E-07,8.96E-05,2,2,,3.10E-07,4.36E-06,2,2,,2.30E-07,0.00013246,8,3,,1.77E-06,0.00014248,8,1,,1.50E-07,4.00E-06,7,0
1.90E-07,0.0001163,5,1,,3.90E-07,8.96E-05,5,1,,3.10E-07,4.36E-06,5,1,,2.30E-07,0.00013246,11,1,,1.79E-06,0.00014248,11,1,,1.50E-07,4.00E-06,11,0
1.90E-07,0.0001163,7,3,,4.10E-07,8.96E-05,7,3,,3.10E-07,4.36E-06,7,2,,2.30E-07,0.00013246,15,0,,1.79E-06,0.00014248,14,0,,1.70E-07,4.00E-06,13,0
2.10E-07,0.0001163,7,1,,4.10E-07,8.96E-05,7,1,,3.20E-07,4.36E-06,7,1,,2.50E-07,0.00013246,13,1,,1.79E-06,0.00014248,13,0,,1.70E-07,4.00E-06,12,0
2.10E-07,0.0001163,4,0,,4.10E-07,8.96E-05,4,0,,3.20E-07,4.36E-06,4,0,,2.50E-07,0.00013246,17,1,,1.81E-06,0.00014248,16,1,,1.80E-07,4.00E-06,15,0
2.30E-07,0.0001163,11,1,,4.40E-07,8.96E-05,11,1,,3.20E-07,4.36E-06,11,1,,2.70E-07,0.00013246,19,0,,1.81E-06,0.00014248,19,0,,1.80E-07,4.00E-06,18,0
2.30E-07,0.0001163,1,0,,4.40E-07,8.96E-05,1,0,,3.40E-07,4.36E-06,1,0,,2.70E-07,0.00013246,18,1,,1.87E-06,0.00014259,18,1,,1.80E-07,4.00E-06,17,0
2.30E-07,0.0001163,2,0,,4.40E-07,8.96E-05,2,0,,3.40E-07,4.36E-06,2,0,,2.70E-07,0.00013246,28,0,,1.96E-06,0.00014264,27,0,,2.00E-07,4.00E-06,26,0
2.50E-07,0.0001163,6,1,,4.60E-07,8.96E-05,6,1,,3.60E-07,4.36E-06,6,1,,2.90E-07,0.00013246,16,3,,2.09E-06,0.00014265,17,0,,2.00E-07,4.00E-06,14,0
2.50E-07,0.0001163,6,0,,4.60E-07,8.96E-05,6,0,,3.60E-07,4.36E-06,6,0,,2.90E-07,0.00013246,22,3,,2.21E-06,0.00014273,22,2,,2.20E-07,4.00E-06,19,0
2.50E-07,0.0001163,4,8,,4.80E-07,8.96E-05,4,8,,3.60E-07,4.36E-06,4,6,,2.90E-07,0.00013246,20,0,,2.21E-06,0.00014273,21,0,,2.20E-07,4.00E-06,16,0
2.70E-07,0.0001163,10,0,,4.80E-07,8.96E-05,10,0,,3.70E-07,4.36E-06,10,0,,3.00E-07,0.00013246,22,3,,2.21E-06,0.00014284,22,3,,2.20E-07,4.00E-06,21,0
2.70E-07,0.0001163,11,8,,4.80E-07,8.96E-05,11,8,,3.70E-07,4.36E-06,11,6,,3.00E-07,0.00013246,16,1,,2.37E-06,0.00014303,15,0,,2.40E-07,4.00E-06,14,0
2.90E-07,0.0001163,10,0,,5.00E-07,8.96E-05,10,0,,3.90E-07,4.36E-06,10,0,,3.20E-07,0.00013246,23,0,,2.65E-06,0.00014303,23,0,,2.40E-07,4.00E-06,21,0
2.90E-07,0.0001163,10,7,,5.00E-07,8.96E-05,10,7,,3.90E-07,4.36E-06,9,7,,3.20E-07,0.00013246,19,2,,2.73E-06,0.00014304,20,2,,2.40E-07,4.00E-06,18,0
2.90E-07,0.0001163,16,2,,5.20E-07,8.96E-05,16,2,,3.90E-07,4.36E-06,16,2,,3.20E-07,0.00013246,19,0,,2.79E-06,0.0001431,17,0,,2.50E-07,4.00E-06,17,0
3.00E-07,0.0001163,6,4,,5.20E-07,8.96E-05,6,4,,4.10E-07,4.36E-06,5,4,,3.40E-07,0.00013246,16,0,,2.86E-06,0.0001431,16,0,,2.50E-07,4.00E-06,13,0
3.00E-07,0.0001163,10,4,,5.20E-07,8.96E-05,10,4,,4.10E-07,4.36E-06,10,4,,3.40E-07,0.00013246,19,0,,2.99E-06,0.00014316,18,0,,2.60E-07,4.00E-06,16,0
3.20E-07,0.0001163,12,1,,5.40E-07,8.96E-05,12,1,,4.20E-07,4.36E-06,12,1,,3.50E-07,0.00013246,24,1,,3.04E-06,0.00014326,25,5,,2.60E-07,4.00E-06,23,0
3.20E-07,0.0001163,10,1,,5.40E-07,8.96E-05,10,1,,4.20E-07,4.36E-06,8,0,,3.50E-07,0.00013246,19,0,,3.05E-06,0.00014353,17,0,,2.60E-07,4.00E-06,16,0
3.20E-07,0.0001163,16,0,,5.60E-07,8.96E-05,16,0,,4.20E-07,4.36E-06,16,0,,3.50E-07,0.00013246,19,0,,3.21E-06,0.00014353,18,0,,2.70E-07,4.00E-06,13,0
3.40E-07,0.0001163,8,2,,5.60E-07,8.96E-05,8,2,,4.40E-07,4.36E-06,7,2,,3.70E-07,0.00013246,26,0,,3.21E-06,0.00014353,27,0,,2.70E-07,4.00E-06,24,0
3.40E-07,0.0001163,7,6,,5.60E-07,8.96E-05,7,6,,4.40E-07,4.36E-06,5,6,,3.70E-07,0.00013246,19,1,,3.21E-06,0.00014369,20,1,,2.80E-07,4.00E-06,16,0
3.60E-07,0.0001163,15,1,,5.80E-07,8.96E-05,15,1,,4.60E-07,4.36E-06,14,0,,3.80E-07,0.00013246,27,2,,3.23E-06,0.00014396,28,1,,2.80E-07,4.00E-06,26,0
3.60E-07,0.0001163,13,0,,5.80E-07,8.96E-05,13,0,,4.60E-07,4.36E-06,12,0,,3.80E-07,0.00013246,21,5,,3.23E-06,0.00014414,21,2,,9.90E-07,4.00E-06,18,0
3.60E-07,0.0001163,8,0,,6.00E-07,8.96E-05,8,0,,4.60E-07,4.36E-06,8,0,,3.80E-07,0.00013246,19,0,,3.23E-06,0.00014466,19,0,,9.90E-07,4.00E-06,17,0
3.80E-07,0.0001163,7,9,,6.00E-07,8.96E-05,6,9,,4.80E-07,4.36E-06,6,9,,3.90E-07,0.00013246,25,0,,3.25E-06,0.00014479,26,0,,9.90E-07,4.00E-06,22,0
3.80E-07,0.0001163,7,3,,6.00E-07,8.96E-05,7,3,,4.80E-07,4.36E-06,6,3,,3.90E-07,0.00013246,29,6,,3.25E-06,0.00014486,27,5,,1.01E-06,4.00E-06,19,0
4.00E-07,0.0001163,11,6,,6.20E-07,8.96E-05,11,6,,4.80E-07,4.36E-06,11,6,,4.10E-07,0.00013246,25,1,,3.27E-06,0.00014504,25,1,,1.03E-06,4.00E-06,20,0
4.00E-07,0.0001163,10,6,,6.20E-07,8.96E-05,10,6,,4.90E-07,4.36E-06,10,6,,4.10E-07,0.00013246,13,2,,3.27E-06,0.0001451,14,2,,1.05E-06,4.00E-06,12,0
4.00E-07,0.0001163,9,6,,6.20E-07,8.96E-05,9,6,,4.90E-07,4.36E-06,8,5,,4.10E-07,0.00013246,18,6,,3.27E-06,0.0001452,19,2,,1.05E-06,4.00E-06,17,0
4.20E-07,0.0001163,7,2,,6.30E-07,8.96E-05,7,2,,5.90E-07,4.36E-06,7,1,,4.20E-07,0.00013246,21,0,,3.29E-06,0.00014522,21,0,,1.05E-06,4.00E-06,20,0
4.20E-07,0.0001163,14,6,,6.30E-07,8.96E-05,14,6,,5.90E-07,4.36E-06,13,6,,4.20E-07,0.00013246,22,19,,3.29E-06,0.00014545,23,9,,1.07E-06,4.00E-06,20,0
4.20E-07,0.0001163,13,3,,6.50E-07,8.96E-05,13,3,,5.90E-07,4.36E-06,12,3,,4.20E-07,0.00013246,26,3,,3.31E-06,0.00014545,24,0,,1.07E-06,4.00E-06,20,0
4.30E-07,0.0001163,9,1,,6.50E-07,8.96E-05,9,1,,6.00E-07,4.36E-06,9,0,,4.40E-07,0.00013246,29,10,,3.31E-06,0.00014545,31,2,,1.07E-06,4.00E-06,28,0
4.30E-07,0.0001163,11,6,,6.50E-07,8.96E-05,11,6,,6.00E-07,4.36E-06,10,6,,4.40E-07,0.00013246,20,6,,3.31E-06,0.00014568,22,4,,1.09E-06,4.00E-06,16,0
4.50E-07,0.0001163,9,8,,6.70E-07,8.96E-05,9,8,,6.10E-07,4.36E-06,9,6,,4.60E-07,0.00013246,20,2,,3.33E-06,0.00014578,21,2,,1.09E-06,4.00E-06,18,0
4.50E-07,0.0001163,10,3,,6.70E-07,8.96E-05,10,3,,6.10E-07,4.36E-06,9,1,,4.60E-07,0.00013246,22,0,,3.33E-06,0.00014578,22,0,,1.11E-06,4.00E-06,20,0
4.50E-07,0.0001163,17,2,,6.90E-07,8.96E-05,17,2,,6.10E-07,4.36E-06,17,2,,4.60E-07,0.00013246,23,1,,3.35E-06,0.00014578,22,0,,1.11E-06,4.00E-06,18,0
4.70E-07,0.0001163,17,6,,9.60E-07,8.96E-05,17,6,,6.30E-07,4.36E-06,17,4,,4.80E-07,0.00013246,33,3,,3.35E-06,0.00014585,32,3,,1.11E-06,4.00E-06,29,0
4.70E-07,0.0001163,13,13,,9.60E-07,8.96E-05,13,13,,6.30E-07,4.36E-06,12,6,,4.80E-07,0.00013246,27,1,,3.35E-06,0.00014591,26,1,,1.13E-06,4.00E-06,26,0
4.90E-07,0.0001163,15,0,,9.80E-07,8.96E-05,15,0,,6.50E-07,4.36E-06,14,0,,4.90E-07,0.00013246,20,25,,3.37E-06,0.00014603,23,10,,1.13E-06,4.00E-06,17,0
4.90E-07,0.0001163,16,4,,9.80E-07,8.96E-05,16,4,,6.50E-07,4.36E-06,16,2,,4.90E-07,0.00013246,22,4,,3.38E-06,0.00014603,22,4,,1.15E-06,4.00E-06,17,0
4.90E-07,0.0001163,14,6,,1.00E-06,8.96E-05,14,6,,6.50E-07,4.36E-06,14,4,,4.90E-07,0.00013246,22,7,,3.40E-06,0.00014603,22,2,,1.15E-06,4.00E-06,18,0
5.10E-07,0.0001163,14,3,,1.00E-06,8.96E-05,14,3,,6.60E-07,4.36E-06,13,3,,5.10E-07,0.00013246,34,9,,3.40E-06,0.0001461,36,8,,1.15E-06,4.32E-06,29,0
5.10E-07,0.0001163,13,8,,1.00E-06,8.96E-05,13,8,,6.60E-07,4.36E-06,12,8,,5.10E-07,0.00013246,22,6,,3.40E-06,0.0001461,24,5,,1.17E-06,4.32E-06,19,0
5.30E-07,0.0001163,7,3,,1.02E-06,8.96E-05,7,3,,6.80E-07,4.36E-06,7,3,,5.20E-07,0.00013246,33,1,,3.41E-06,0.00014616,33,3,,1.17E-06,4.32E-06,29,0
5.30E-07,0.0001163,19,2,,1.02E-06,8.96E-05,19,2,,6.80E-07,4.36E-06,17,1,,5.20E-07,0.00013246,21,1,,3.41E-06,0.00014623,22,1,,1.18E-06,4.32E-06,20,0
5.30E-07,0.0001163,20,9,,1.02E-06,8.96E-05,20,9,,6.80E-07,4.36E-06,20,9,,1.56E-06,0.00013246,24,4,,3.41E-06,0.00014636,25,4,,1.18E-06,4.32E-06,21,0
5.50E-07,0.0001163,14,12,,1.04E-06,8.96E-05,14,14,,7.00E-07,4.36E-06,14,10,,1.56E-06,0.00013246,24,0,,3.42E-06,0.00014653,23,1,,1.18E-06,4.32E-06,22,0
5.50E-07,0.0001163,21,2,,1.04E-06,8.96E-05,21,2,,7.00E-07,4.36E-06,19,2,,1.58E-06,0.00013246,23,0,,3.42E-06,0.00014653,23,0,,1.20E-06,4.32E-06,20,0
5.50E-07,0.0001163,14,6,,1.06E-06,8.96E-05,14,6,,7.00E-07,4.36E-06,13,3,,1.60E-06,0.00013246,27,16,,3.44E-06,0.00014653,26,11,,1.20E-06,4.32E-06,19,0
5.70E-07,0.0001163,11,6,,1.06E-06,8.96E-05,11,6,,7.20E-07,4.36E-06,10,6,,1.60E-06,0.00013246,19,0,,3.44E-06,0.00014653,18,0,,1.21E-06,4.32E-06,15,0
5.70E-07,0.0001163,21,0,,1.06E-06,8.96E-05,20,0,,7.20E-07,4.36E-06,18,0,,1.62E-06,0.00013246,24,2,,3.44E-06,0.00014653,24,2,,1.21E-06,4.32E-06,19,0
5.90E-07,0.0001163,16,10,,1.08E-06,8.96E-05,16,10,,7.40E-07,4.36E-06,16,9,,1.62E-06,0.00013246,23,5,,3.46E-06,0.00014653,26,3,,1.21E-06,4.32E-06,21,0
5.90E-07,0.0001163,19,4,,1.08E-06,8.96E-05,19,4,,7.40E-07,4.36E-06,19,3,,1.62E-06,0.00013246,30,15,,3.46E-06,0.00014666,30,3,,1.23E-06,4.32E-06,24,0
5.90E-07,0.0001163,17,8,,1.10E-06,8.96E-05,17,8,,7.40E-07,4.36E-06,14,7,,1.64E-06,0.00013246,24,12,,3.47E-06,0.00014666,24,12,,1.23E-06,4.32E-06,21,0
6.10E-07,0.0001163,18,1,,1.10E-06,8.96E-05,19,1,,7.50E-07,4.36E-06,15,1,,1.64E-06,0.00013246,26,6,,3.47E-06,0.00014666,26,6,,1.23E-06,4.32E-06,22,0
6.10E-07,0.0001163,25,9,,1.10E-06,8.96E-05,25,10,,7.50E-07,4.36E-06,22,6,,1.66E-06,0.00013246,19,2,,3.47E-06,0.00014666,19,2,,1.25E-06,4.32E-06,14,0
6.30E-07,0.0001163,25,8,,1.12E-06,8.96E-05,25,8,,7.70E-07,4.36E-06,25,7,,1.66E-06,0.00013246,27,0,,3.49E-06,0.00014666,26,0,,1.25E-06,4.32E-06,20,0
6.30E-07,0.0001163,20,7,,1.12E-06,8.96E-05,20,7,,7.70E-07,4.36E-06,19,6,,1.66E-06,0.00013246,16,6,,3.49E-06,0.00014666,16,6,,1.27E-06,4.32E-06,15,0
6.30E-07,0.0001163,15,1,,1.13E-06,8.96E-05,15,1,,7.70E-07,4.36E-06,13,1,,1.68E-06,0.00013246,26,11,,3.50E-06,0.00014666,26,4,,1.27E-06,4.32E-06,23,0
6.40E-07,0.0001163,18,13,,1.13E-06,8.96E-05,18,13,,7.80E-07,4.36E-06,16,11,,1.68E-06,0.00013246,29,6,,3.50E-06,0.00014667,28,5,,1.27E-06,4.32E-06,25,0
6.40E-07,0.0001163,12,8,,1.13E-06,8.96E-05,11,9,,7.80E-07,4.36E-06,10,6,,1.70E-06,0.00013246,27,1,,3.50E-06,0.00014667,28,0,,1.29E-06,4.32E-06,26,0
7.20E-07,0.0001163,15,9,,1.15E-06,8.96E-05,15,9,,8.00E-07,4.36E-06,14,8,,1.70E-06,0.00013246,31,0,,3.52E-06,0.00014667,31,0,,1.29E-06,4.32E-06,23,0
7.20E-07,0.0001163,19,7,,1.15E-06,8.96E-05,18,7,,8.00E-07,4.36E-06,18,6,,1.70E-06,0.00013246,24,16,,3.52E-06,0.00014674,24,8,,1.31E-06,4.32E-06,21,0
7.20E-07,0.0001163,20,4,,1.16E-06,8.96E-05,20,4,,8.00E-07,4.36E-06,19,4,,1.72E-06,0.00013246,28,5,,3.54E-06,0.00014674,29,8,,1.31E-06,4.32E-06,24,0
7.30E-07,0.0001163,22,7,,1.16E-06,8.96E-05,22,7,,8.20E-07,4.36E-06,19,7,,1.72E-06,0.00013246,25,1,,3.54E-06,0.00014674,23,2,,1.31E-06,4.32E-06,20,0
7.30E-07,0.0001163,19,9,,1.16E-06,8.96E-05,18,9,,8.20E-07,4.36E-06,16,8,,1.74E-06,0.00013246,21,6,,3.54E-06,0.00014686,23,6,,1.32E-06,4.32E-06,19,0
7.50E-07,0.0001163,27,15,,1.18E-06,8.96E-05,27,17,,8.20E-07,4.36E-06,25,10,,1.74E-06,0.00013246,26,1,,3.56E-06,0.00014699,26,3,,1.32E-06,4.32E-06,21,0
7.50E-07,0.0001163,17,3,,1.18E-06,8.96E-05,17,3,,8.40E-07,4.36E-06,16,3,,1.74E-06,0.00013246,23,3,,3.56E-06,0.00014708,22,4,,1.34E-06,4.32E-06,20,0
7.50E-07,0.0001163,19,9,,1.18E-06,8.96E-05,19,11,,8.40E-07,4.36E-06,17,7,,1.76E-06,0.00013252,20,7,,3.56E-06,0.00014708,21,11,,1.34E-06,4.32E-06,15,0
7.70E-07,0.0001163,21,23,,1.20E-06,8.96E-05,22,21,,8.60E-07,4.36E-06,20,17,,1.76E-06,0.00013258,22,0,,3.57E-06,0.00014708,23,0,,1.34E-06,4.32E-06,20,0
7.70E-07,0.0001163,29,9,,1.20E-06,8.96E-05,29,9,,8.60E-07,4.36E-06,25,6,,1.76E-06,0.00013258,31,4,,3.57E-06,0.00014708,30,0,,1.36E-06,4.32E-06,26,0
7.70E-07,0.0001163,20,5,,1.22E-06,8.96E-05,20,5,,8.60E-07,4.36E-06,17,5,,1.78E-06,0.00013268,28,7,,3.58E-06,0.00014715,26,4,,1.36E-06,4.32E-06,23,0
7.90E-07,0.0001163,18,10,,1.22E-06,8.96E-05,18,10,,8.80E-07,4.36E-06,17,8,,1.78E-06,0.00013268,30,3,,3.58E-06,0.00014732,32,1,,1.36E-06,4.32E-06,27,0
7.90E-07,0.0001163,15,2,,1.22E-06,8.96E-05,16,2,,8.80E-07,4.36E-06,12,2,,1.79E-06,0.00013268,22,4,,3.58E-06,0.00014753,24,1,,1.37E-06,4.32E-06,21,0
8.10E-07,0.0001163,22,7,,1.24E-06,8.96E-05,23,7,,9.00E-07,4.36E-06,19,7,,1.79E-06,0.00013277,26,7,,3.60E-06,0.00014759,26,3,,1.37E-06,4.32E-06,21,0
8.10E-07,0.0001163,19,9,,1.24E-06,8.96E-05,19,8,,9.00E-07,4.36E-06,15,6,,1.79E-06,0.00013277,16,2,,3.60E-06,0.00014759,15,2,,1.39E-06,4.32E-06,13,0
8.10E-07,0.0001163,18,6,,1.26E-06,8.96E-05,18,6,,9.00E-07,4.36E-06,16,3,,1.80E-06,0.00013277,32,4,,3.62E-06,0.00014759,31,6,,1.39E-06,4.32E-06,29,0
8.20E-07,0.0001163,24,5,,1.26E-06,8.96E-05,24,5,,9.20E-07,4.36E-06,20,2,,1.80E-06,0.00013277,24,2,,3.62E-06,0.00014775,23,2,,1.39E-06,4.32E-06,19,0
8.20E-07,0.0001163,25,3,,1.26E-06,8.96E-05,25,3,,9.20E-07,4.36E-06,23,2,,1.82E-06,0.00013277,17,8,,3.62E-06,0.00014775,17,5,,1.41E-06,4.32E-06,15,0
8.40E-07,0.0001163,29,12,,1.28E-06,8.96E-05,30,12,,9.30E-07,4.36E-06,26,12,,1.82E-06,0.00013277,30,3,,3.64E-06,0.00014775,30,3,,1.41E-06,4.32E-06,23,0
8.40E-07,0.0001163,29,19,,1.28E-06,8.96E-05,31,11,,9.30E-07,4.36E-06,27,10,,1.82E-06,0.00013277,30,2,,3.64E-06,0.00014786,31,0,,1.42E-06,4.32E-06,27,0
8.40E-07,0.0001163,26,6,,1.30E-06,8.96E-05,26,6,,9.30E-07,4.36E-06,24,5,,1.84E-06,0.00013277,29,0,,3.66E-06,0.00014808,29,3,,1.42E-06,4.32E-06,25,0
8.50E-07,0.0001163,24,8,,1.30E-06,8.96E-05,24,8,,9.50E-07,4.36E-06,22,5,,1.84E-06,0.00013277,20,10,,3.66E-06,0.0001482,20,7,,1.42E-06,4.32E-06,14,0
8.50E-07,0.0001163,27,3,,1.30E-06,8.96E-05,27,3,,9.50E-07,4.36E-06,27,3,,1.85E-06,0.00013277,28,3,,3.66E-06,0.00014833,27,3,,1.43E-06,4.32E-06,24,0
8.70E-07,0.0001163,31,7,,1.32E-06,8.96E-05,32,5,,9.70E-07,4.36E-06,27,5,,1.85E-06,0.00013277,27,4,,3.67E-06,0.00014839,27,4,,1.43E-06,4.32E-06,24,0
8.70E-07,0.0001163,19,8,,1.32E-06,8.96E-05,17,8,,9.70E-07,4.36E-06,15,4,,1.85E-06,0.00013277,27,2,,3.67E-06,0.00014843,29,2,,1.45E-06,4.32E-06,27,0
8.70E-07,0.0001163,36,22,,1.34E-06,8.96E-05,35,24,,9.70E-07,4.36E-06,30,13,,1.87E-06,0.00013277,18,1,,3.67E-06,0.00014843,20,2,,1.45E-06,4.32E-06,15,0
8.90E-07,0.0001163,32,17,,1.34E-06,8.96E-05,32,17,,9.80E-07,4.36E-06,30,8,,1.87E-06,0.00013277,19,2,,3.68E-06,0.00014843,19,4,,1.45E-06,4.32E-06,17,0
1.14E-06,0.0001163,28,4,,1.34E-06,8.96E-05,28,4,,9.80E-07,4.36E-06,22,4,,1.89E-06,0.00013277,16,0,,3.68E-06,0.00014861,15,1,,1.46E-06,4.32E-06,11,0
1.16E-06,0.0001163,30,3,,1.36E-06,8.96E-05,30,3,,9.80E-07,4.36E-06,26,3,,1.89E-06,0.00013277,24,0,,3.69E-06,0.00014873,23,1,,1.46E-06,4.32E-06,19,0
1.16E-06,0.0001163,29,12,,1.36E-06,8.96E-05,28,11,,1.00E-06,4.36E-06,27,6,,1.89E-06,0.00013277,29,3,,3.69E-06,0.0001489,29,1,,1.47E-06,4.32E-06,25,0
1.29E-06,0.0001163,27,3,,1.36E-06,8.96E-05,27,3,,1.00E-06,4.36E-06,21,3,,1.98E-06,0.00013277,33,2,,3.69E-06,0.00014913,34,3,,1.47E-06,4.32E-06,29,0
1.30E-06,0.0001163,33,27,,1.38E-06,8.96E-05,33,23,,1.01E-06,4.36E-06,30,15,,1.98E-06,0.00013277,36,7,,3.70E-06,0.00014923,35,2,,1.47E-06,4.32E-06,29,0
1.30E-06,0.0001163,25,6,,1.38E-06,8.96E-05,26,5,,1.01E-06,4.36E-06,23,2,,1.98E-06,0.00013277,25,3,,3.70E-06,0.00014933,25,2,,1.49E-06,4.32E-06,24,0
1.32E-06,0.0001163,24,11,,1.40E-06,8.96E-05,24,11,,1.01E-06,4.36E-06,19,9,,2.00E-06,0.00013277,19,2,,3.71E-06,0.0001496,22,0,,1.49E-06,4.32E-06,19,0
1.32E-06,0.0001163,30,17,,1.40E-06,8.96E-05,29,16,,1.02E-06,4.36E-06,27,16,,2.00E-06,0.00013277,22,0,,3.71E-06,0.00014987,22,3,,1.49E-06,4.32E-06,19,0
1.34E-06,0.0001163,26,12,,1.40E-06,8.96E-05,27,8,,1.02E-06,4.36E-06,24,2,,2.02E-06,0.00013277,23,16,,3.71E-06,0.00014997,23,10,,1.51E-06,4.32E-06,20,0
1.34E-06,0.0001163,31,16,,1.42E-06,8.96E-05,31,12,,1.04E-06,4.36E-06,27,8,,2.02E-06,0.00013277,22,0,,3.72E-06,0.00015009,22,0,,1.51E-06,4.32E-06,15,0
1.34E-06,0.0001163,32,12,,1.42E-06,8.96E-05,35,13,,1.04E-06,4.36E-06,28,7,,2.02E-06,0.00013277,31,5,,3.72E-06,0.00015022,33,5,,1.53E-06,4.32E-06,28,0
1.36E-06,0.0001163,25,10,,1.44E-06,8.96E-05,25,10,,1.04E-06,4.36E-06,22,8,,2.03E-06,0.00013277,19,3,,3.74E-06,0.00015032,20,12,,1.53E-06,4.32E-06,18,0
1.36E-06,0.0001163,29,24,,1.44E-06,8.96E-05,30,18,,1.05E-06,4.36E-06,27,14,,2.03E-06,0.00013277,18,2,,4.00E-06,0.00015054,19,0,,1.53E-06,4.32E-06,13,0
1.38E-06,0.0001163,29,19,,1.44E-06,8.96E-05,29,12,,1.05E-06,4.36E-06,26,9,,2.05E-06,0.00013277,25,3,,4.00E-06,0.00015067,24,2,,1.55E-06,4.32E-06,21,0
1.38E-06,0.0001163,38,25,,1.47E-06,8.96E-05,39,22,,1.07E-06,4.36E-06,34,18,,2.05E-06,0.00013277,30,14,,4.18E-06,0.00015067,32,13,,1.55E-06,4.32E-06,28,0
1.38E-06,0.0001163,25,11,,1.47E-06,8.96E-05,22,9,,1.07E-06,4.36E-06,18,5,,2.05E-06,0.00013277,23,0,,4.20E-06,0.00015067,25,0,,1.57E-06,4.32E-06,21,0
1.40E-06,0.0001163,32,11,,1.49E-06,8.96E-05,31,11,,1.07E-06,4.36E-06,27,5,,2.07E-06,0.00013277,22,5,,4.24E-06,0.00015077,21,5,,1.57E-06,4.32E-06,19,0
1.40E-06,0.0001163,25,9,,1.49E-06,8.96E-05,25,9,,1.09E-06,4.36E-06,18,5,,2.07E-06,0.00013277,26,2,,4.43E-06,0.00015078,26,1,,1.57E-06,4.32E-06,24,0
1.40E-06,0.0001163,27,3,,1.49E-06,8.96E-05,27,3,,1.09E-06,4.36E-06,27,2,,2.09E-06,0.00013277,29,4,,4.56E-06,0.00015093,29,5,,1.59E-06,4.32E-06,25,0
1.42E-06,0.0001163,35,8,,1.51E-06,8.96E-05,35,5,,1.10E-06,4.36E-06,30,3,,2.09E-06,0.00013277,29,24,,4.56E-06,0.00015122,28,24,,1.59E-06,4.32E-06,23,0
1.42E-06,0.0001163,33,15,,1.51E-06,8.96E-05,30,20,,1.10E-06,4.36E-06,26,8,,2.09E-06,0.00013277,27,9,,4.88E-06,0.00015122,25,6,,1.61E-06,4.32E-06,22,0
1.44E-06,0.0001163,29,5,,1.51E-06,8.96E-05,30,6,,1.10E-06,4.36E-06,24,4,,2.11E-06,0.00013277,25,4,,5.06E-06,0.00015132,24,4,,1.61E-06,4.32E-06,22,0
1.44E-06,0.0001163,31,18,,1.53E-06,8.96E-05,29,14,,1.12E-06,4.36E-06,24,11,,2.11E-06,0.00013277,29,7,,5.27E-06,0.00015133,30,7,,1.61E-06,4.32E-06,25,0
1.44E-06,0.0001163,39,19,,1.53E-06,8.96E-05,40,18,,1.12E-06,4.36E-06,35,9,,2.13E-06,0.00013277,27,4,,5.64E-06,0.00015142,26,2,,1.63E-06,4.32E-06,24,0
1.46E-06,0.0001163,33,18,,1.55E-06,8.96E-05,35,13,,1.12E-06,4.36E-06,30,6,,2.13E-06,0.00013277,26,0,,5.64E-06,0.00015152,26,4,,1.63E-06,4.32E-06,21,0
1.46E-06,0.0001163,31,9,,1.55E-06,8.96E-05,33,9,,1.14E-06,4.36E-06,25,7,,2.13E-06,0.00013277,23,2,,5.64E-06,0.00015152,24,1,,1.64E-06,4.32E-06,20,0
1.48E-06,0.0001163,30,1,,1.55E-06,8.96E-05,28,1,,1.14E-06,4.36E-06,24,1,,2.15E-06,0.00013277,31,3,,5.66E-06,0.00015152,32,4,,1.64E-06,4.32E-06,24,0
1.48E-06,0.0001163,33,12,,1.57E-06,8.96E-05,35,10,,1.16E-06,4.36E-06,29,4,,2.15E-06,0.00013277,22,0,,5.66E-06,0.00015152,21,0,,1.64E-06,4.32E-06,19,0
1.48E-06,0.0001163,31,30,,1.57E-06,8.96E-05,31,32,,1.16E-06,4.36E-06,24,9,,2.15E-06,0.00013277,28,10,,5.81E-06,0.0001516,31,6,,1.65E-06,4.32E-06,27,0
1.50E-06,0.0001163,39,11,,1.59E-06,8.96E-05,41,9,,1.16E-06,4.36E-06,36,5,,2.17E-06,0.00013277,23,4,,5.81E-06,0.0001516,24,3,,1.65E-06,4.32E-06,19,0
1.50E-06,0.0001163,38,10,,1.59E-06,8.96E-05,38,9,,1.17E-06,4.36E-06,31,9,,2.17E-06,0.00013277,28,4,,6.05E-06,0.00015165,27,3,,1.65E-06,4.32E-06,26,0
1.52E-06,0.0001163,31,16,,1.59E-06,8.96E-05,31,20,,1.17E-06,4.36E-06,25,10,,2.19E-06,0.00013277,25,0,,6.28E-06,0.00015165,27,0,,1.66E-06,4.32E-06,23,0
1.52E-06,0.0001163,25,19,,1.61E-06,8.96E-05,27,15,,1.18E-06,4.36E-06,21,10,,2.19E-06,0.00013277,21,5,,6.61E-06,0.00015186,21,5,,1.66E-06,4.32E-06,16,0
1.52E-06,0.0001163,44,13,,1.61E-06,8.96E-05,44,15,,1.18E-06,4.36E-06,36,9,,2.19E-06,0.00013277,20,18,,6.76E-06,0.00015186,22,4,,1.68E-06,4.32E-06,18,0
1.54E-06,0.0001163,37,28,,1.63E-06,8.96E-05,35,26,,1.18E-06,4.36E-06,32,13,,2.20E-06,0.00013277,18,8,,6.82E-06,0.00015187,19,4,,1.68E-06,4.32E-06,16,0
1.54E-06,0.0001163,45,19,,1.63E-06,8.96E-05,46,16,,1.19E-06,4.36E-06,32,11,,2.20E-06,0.00013277,22,16,,7.08E-06,0.00015199,29,11,,1.68E-06,4.32E-06,17,0
1.55E-06,0.0001163,36,19,,1.63E-06,8.96E-05,38,15,,1.19E-06,4.36E-06,33,11,,2.22E-06,0.00013277,23,16,,7.16E-06,0.00015199,24,1,,1.69E-06,4.32E-06,18,0
1.55E-06,0.0001163,37,9,,1.65E-06,8.96E-05,40,6,,1.21E-06,4.36E-06,30,4,,2.22E-06,0.00013277,18,2,,7.28E-06,0.00015199,22,0,,1.69E-06,4.32E-06,17,0
1.55E-06,0.0001163,44,6,,1.65E-06,8.96E-05,40,6,,1.21E-06,4.36E-06,32,6,,2.22E-06,0.00013277,14,9,,7.36E-06,0.00015199,16,2,,1.71E-06,4.32E-06,12,0
1.57E-06,0.0001163,32,13,,1.67E-06,8.96E-05,33,14,,1.21E-06,4.36E-06,27,6,,2.24E-06,0.00013277,19,6,,7.42E-06,0.00015199,19,6,,1.71E-06,4.32E-06,17,0
1.57E-06,0.0001163,38,12,,1.67E-06,8.96E-05,37,10,,1.22E-06,4.36E-06,31,7,,2.24E-06,0.00013277,27,2,,7.42E-06,0.00015199,27,2,,1.71E-06,4.32E-06,25,0
1.57E-06,0.0001163,39,4,,1.67E-06,8.96E-05,35,6,,1.22E-06,4.36E-06,32,3,,2.26E-06,0.00013277,21,2,,7.49E-06,0.00015199,19,2,,1.73E-06,4.32E-06,15,0
1.59E-06,0.0001163,40,31,,1.69E-06,8.96E-05,36,29,,1.22E-06,4.36E-06,33,19,,2.26E-06,0.00013277,28,7,,7.49E-06,0.00015199,28,7,,1.73E-06,4.32E-06,27,0
1.59E-06,0.0001163,34,7,,1.69E-06,8.96E-05,35,10,,1.23E-06,4.36E-06,28,4,,2.26E-06,0.00013277,29,7,,7.52E-06,0.00015199,28,2,,1.74E-06,4.32E-06,24,0
1.61E-06,0.0001163,38,17,,1.69E-06,8.96E-05,36,16,,1.23E-06,4.36E-06,31,4,,2.28E-06,0.00013277,15,8,,7.52E-06,0.00015199,16,2,,1.74E-06,4.32E-06,11,0
1.61E-06,0.0001163,45,5,,1.71E-06,8.96E-05,44,5,,1.25E-06,4.36E-06,39,5,,2.28E-06,0.00013277,24,4,,7.52E-06,0.00015199,26,4,,1.74E-06,4.32E-06,23,0
1.61E-06,0.0001163,42,11,,1.71E-06,8.96E-05,42,11,,1.25E-06,4.36E-06,35,5,,2.28E-06,0.00013277,31,1,,7.54E-06,0.00015199,32,1,,1.75E-06,4.32E-06,29,0
1.63E-06,0.0001163,36,24,,1.73E-06,8.96E-05,34,24,,1.25E-06,4.36E-06,23,16,,2.30E-06,0.00013277,25,3,,7.54E-06,0.00015199,26,1,,1.75E-06,4.32E-06,21,0
1.63E-06,0.0001163,46,15,,1.73E-06,8.96E-05,47,9,,1.26E-06,4.36E-06,35,8,,2.30E-06,0.00013277,27,4,,7.56E-06,0.00015199,26,6,,1.75E-06,4.32E-06,25,0
1.65E-06,0.0001163,36,18,,1.73E-06,8.96E-05,37,16,,1.26E-06,4.36E-06,31,11,,2.32E-06,0.00013277,24,1,,7.56E-06,0.00015199,22,19,,1.77E-06,4.32E-06,18,0
1.65E-06,0.0001163,40,6,,1.75E-06,8.96E-05,42,6,,1.28E-06,4.36E-06,33,2,,2.32E-06,0.00013277,27,6,,7.56E-06,0.00015199,25,10,,1.77E-06,4.32E-06,20,0
1.65E-06,0.0001163,41,23,,1.75E-06,8.96E-05,39,25,,1.28E-06,4.36E-06,35,15,,2.32E-06,0.00013277,20,1,,7.57E-06,0.00015199,21,3,,1.78E-06,4.32E-06,20,0
1.67E-06,0.0001163,36,26,,1.76E-06,8.96E-05,35,25,,1.28E-06,4.36E-06,28,11,,2.34E-06,0.00013277,32,7,,8.82E-06,0.00015199,33,4,,1.78E-06,4.32E-06,28,0
1.67E-06,0.0001163,39,23,,1.76E-06,8.96E-05,39,21,,1.30E-06,4.36E-06,29,11,,2.34E-06,0.00013277,28,1,,9.02E-06,0.00015199,26,3,,1.78E-06,4.32E-06,22,0
1.69E-06,0.0001163,29,19,,1.76E-06,8.96E-05,30,18,,1.30E-06,4.36E-06,25,13,,2.36E-06,0.00013277,23,0,,9.02E-06,0.00015199,23,0,,1.79E-06,4.32E-06,22,0
1.69E-06,0.0001163,38,11,,1.77E-06,8.96E-05,34,8,,1.32E-06,4.36E-06,31,8,,2.36E-06,0.00013277,22,10,,9.05E-06,0.00015199,23,21,,1.79E-06,4.32E-06,18,0
1.69E-06,0.0001163,43,10,,1.77E-06,8.96E-05,42,8,,1.32E-06,4.36E-06,34,6,,2.36E-06,0.00013277,27,0,,9.05E-06,0.00015207,29,0,,1.80E-06,4.32E-06,25,0
1.70E-06,0.0001163,41,25,,1.79E-06,8.96E-05,42,21,,1.32E-06,4.36E-06,36,10,,2.37E-06,0.00013277,32,19,,9.05E-06,0.00015217,31,7,,1.80E-06,4.32E-06,29,0
1.70E-06,0.0001163,40,18,,1.79E-06,8.96E-05,38,21,,1.34E-06,4.36E-06,32,12,,2.37E-06,0.00013277,28,6,,9.08E-06,0.00015235,30,4,,1.80E-06,4.32E-06,26,0
1.72E-06,0.0001163,43,14,,1.79E-06,8.96E-05,46,15,,1.35E-06,4.36E-06,38,9,,2.38E-06,0.00013277,39,4,,9.08E-06,0.00015235,39,5,,1.81E-06,4.32E-06,36,0
1.72E-06,0.0001163,40,37,,1.81E-06,8.96E-05,41,39,,1.37E-06,4.36E-06,35,23,,2.38E-06,0.00013277,28,1,,9.08E-06,0.00015235,28,7,,1.81E-06,4.32E-06,24,0
1.72E-06,0.0001163,48,20,,1.83E-06,8.96E-05,48,18,,1.37E-06,4.36E-06,42,9,,2.38E-06,0.00013277,26,15,,9.10E-06,0.00015235,26,10,,1.83E-06,4.32E-06,25,0
1.74E-06,0.0001163,38,11,,1.85E-06,8.96E-05,42,13,,1.37E-06,4.36E-06,31,11,,2.40E-06,0.00013277,23,6,,9.10E-06,0.00015235,23,7,,1.83E-06,4.32E-06,19,3
1.74E-06,0.0001163,30,3,,1.85E-06,8.96E-05,28,3,,1.39E-06,4.36E-06,26,3,,2.40E-06,0.00013277,29,10,,9.11E-06,0.00015235,28,8,,1.83E-06,4.32E-06,26,1
1.74E-06,0.0001163,32,26,,1.85E-06,8.96E-05,33,27,,1.39E-06,4.36E-06,31,19,,2.41E-06,0.00013277,24,4,,9.11E-06,0.00015242,24,6,,1.85E-06,4.32E-06,20,0
1.76E-06,0.0001163,44,18,,1.87E-06,8.96E-05,47,17,,1.39E-06,4.36E-06,37,10,,2.41E-06,0.00013277,36,13,,9.11E-06,0.00015242,37,11,,1.85E-06,4.33E-06,35,0
1.76E-06,0.0001163,44,20,,1.87E-06,8.96E-05,46,22,,1.41E-06,4.36E-06,34,12,,2.41E-06,0.00013277,34,9,,9.12E-06,0.00015252,34,9,,1.87E-06,4.33E-06,28,1
1.77E-06,0.0001163,41,28,,1.87E-06,8.96E-05,44,33,,1.41E-06,4.36E-06,35,13,,2.43E-06,0.00013277,38,1,,9.12E-06,0.00015267,37,0,,1.87E-06,4.44E-06,32,0
1.77E-06,0.0001163,41,26,,1.90E-06,8.96E-05,41,30,,1.43E-06,4.36E-06,34,17,,2.43E-06,0.00013277,39,15,,9.13E-06,0.0001528,38,9,,1.87E-06,4.44E-06,32,0
1.77E-06,0.0001163,43,27,,1.90E-06,8.96E-05,44,17,,1.43E-06,4.36E-06,34,8,,2.43E-06,0.00013283,37,3,,9.13E-06,0.00015291,36,3,,1.88E-06,4.44E-06,31,0
1.78E-06,0.0001163,42,21,,1.92E-06,8.96E-05,43,17,,1.43E-06,4.36E-06,36,11,,2.45E-06,0.00013283,35,5,,9.13E-06,0.00015291,33,5,,1.88E-06,4.55E-06,28,5
1.78E-06,0.0001163,44,10,,1.92E-06,8.96E-05,43,10,,1.45E-06,4.36E-06,33,8,,2.45E-06,0.00013283,39,5,,9.14E-06,0.00015311,43,4,,1.88E-06,4.61E-06,36,3
1.80E-06,0.0001163,52,24,,1.92E-06,8.96E-05,52,22,,1.45E-06,4.36E-06,41,10,,2.47E-06,0.00013283,31,4,,9.65E-06,0.00015343,36,2,,1.89E-06,4.61E-06,24,0
1.80E-06,0.0001163,40,68,,1.94E-06,8.96E-05,39,53,,1.46E-06,4.36E-06,32,29,,2.47E-06,0.00013284,35,12,,9.88E-06,0.0001536,37,15,,1.89E-06,4.61E-06,31,4
1.80E-06,0.0001163,50,16,,1.94E-06,8.96E-05,49,20,,1.46E-06,4.36E-06,43,4,,2.47E-06,0.00013285,39,3,,1.00E-05,0.0001536,38,1,,1.91E-06,4.61E-06,34,0
1.82E-06,0.0001163,49,15,,1.97E-06,8.96E-05,49,14,,1.46E-06,4.36E-06,39,7,,2.49E-06,0.00013292,40,1,,1.00E-05,0.0001536,37,4,,1.91E-06,4.61E-06,33,0
1.82E-06,0.0001163,39,34,,1.97E-06,8.96E-05,44,27,,1.48E-06,4.36E-06,33,8,,2.49E-06,0.00013292,40,0,,1.01E-05,0.00015367,38,0,,1.91E-06,4.61E-06,34,0
1.83E-06,0.0001163,43,11,,1.97E-06,8.96E-05,41,14,,1.48E-06,4.36E-06,31,7,,2.50E-06,0.00013292,38,4,,1.02E-05,0.00015384,40,5,,1.93E-06,4.61E-06,30,0
1.83E-06,0.0001163,45,29,,2.00E-06,8.96E-05,43,22,,1.49E-06,4.36E-06,40,13,,2.50E-06,0.00013292,41,8,,1.02E-05,0.00015398,38,29,,1.93E-06,4.61E-06,30,0
1.83E-06,0.0001163,41,55,,2.00E-06,8.96E-05,45,31,,1.49E-06,4.36E-06,35,16,,2.50E-06,0.00013292,38,4,,1.04E-05,0.00015399,36,3,,1.95E-06,4.61E-06,30,0
1.84E-06,0.0001163,44,55,,2.02E-06,8.96E-05,45,40,,1.49E-06,4.36E-06,36,22,,2.52E-06,0.00013292,35,23,,1.05E-05,0.00015432,38,12,,1.95E-06,4.61E-06,34,1
1.84E-06,0.0001163,41,21,,2.02E-06,8.96E-05,42,18,,1.51E-06,4.36E-06,35,9,,2.52E-06,0.00013292,43,3,,1.05E-05,0.00015456,44,1,,1.95E-06,4.61E-06,32,0
1.84E-06,0.0001163,50,31,,2.02E-06,8.96E-05,48,19,,1.51E-06,4.36E-06,38,9,,2.53E-06,0.00013292,50,12,,1.05E-05,0.00015463,47,2,,1.97E-06,4.61E-06,42,1
1.86E-06,0.0001163,42,25,,2.04E-06,8.96E-05,42,29,,1.53E-06,4.36E-06,31,20,,2.53E-06,0.00013292,42,13,,1.06E-05,0.0001548,41,10,,1.97E-06,4.61E-06,38,0
1.86E-06,0.0001163,54,13,,2.04E-06,8.96E-05,51,11,,1.53E-06,4.36E-06,38,4,,2.53E-06,0.00013292,53,5,,1.06E-05,0.0001548,53,8,,1.99E-06,4.61E-06,44,2
1.87E-06,0.0001163,50,17,,2.04E-06,8.96E-05,51,15,,1.53E-06,4.36E-06,39,10,,2.55E-06,0.00013292,47,0,,1.06E-05,0.00015485,46,0,,1.99E-06,4.61E-06,39,0
1.87E-06,0.0001163,40,26,,2.06E-06,8.96E-05,42,27,,1.54E-06,4.36E-06,37,11,,2.55E-06,0.00013292,41,21,,1.06E-05,0.00015501,41,25,,2.05E-06,4.61E-06,29,12
1.87E-06,0.0001163,51,11,,2.06E-06,8.96E-05,49,13,,1.54E-06,4.36E-06,42,7,,2.57E-06,0.00013292,49,15,,1.06E-05,0.00015516,50,11,,2.06E-06,4.61E-06,42,0
1.88E-06,0.0001163,57,29,,2.08E-06,8.96E-05,56,20,,1.54E-06,4.36E-06,41,10,,2.57E-06,0.00013292,51,3,,1.06E-05,0.00015516,49,5,,2.06E-06,4.61E-06,41,0
1.88E-06,0.0001163,51,23,,2.08E-06,8.96E-05,47,20,,1.56E-06,4.36E-06,42,10,,2.57E-06,0.00013292,58,14,,1.06E-05,0.00015516,59,12,,2.06E-06,4.61E-06,50,0
1.90E-06,0.0001163,59,18,,2.08E-06,8.96E-05,60,10,,1.56E-06,4.36E-06,41,7,,2.59E-06,0.00013292,51,11,,1.06E-05,0.00015531,51,18,,2.07E-06,4.61E-06,38,4
1.90E-06,0.0001163,50,15,,2.09E-06,8.96E-05,50,14,,1.58E-06,4.36E-06,41,7,,2.59E-06,0.00013292,53,19,,1.06E-05,0.00015557,52,9,,2.07E-06,4.61E-06,43,5
1.90E-06,0.0001163,50,49,,2.09E-06,8.96E-05,53,32,,1.58E-06,4.36E-06,41,16,,2.59E-06,0.00013292,50,11,,1.06E-05,0.00015558,53,7,,2.08E-06,4.61E-06,42,1
1.92E-06,0.0001163,44,11,,2.11E-06,8.96E-05,46,17,,1.58E-06,4.36E-06,36,9,,2.61E-06,0.00013292,45,17,,1.06E-05,0.0001556,48,17,,2.08E-06,4.61E-06,41,8
1.92E-06,0.0001163,53,35,,2.11E-06,8.96E-05,50,34,,1.60E-06,4.36E-06,40,13,,2.61E-06,0.00013292,58,11,,1.06E-05,0.00015593,55,11,,2.08E-06,4.61E-06,43,3
1.94E-06,0.0001163,61,21,,2.11E-06,8.96E-05,58,20,,1.60E-06,4.36E-06,53,15,,2.63E-06,0.00013292,49,7,,1.06E-05,0.00015621,50,4,,2.09E-06,4.61E-06,30,3
1.94E-06,0.0001163,48,39,,2.54E-06,8.96E-05,47,27,,1.62E-06,4.36E-06,40,14,,2.63E-06,0.00013292,56,9,,1.06E-05,0.00015642,55,6,,2.09E-06,4.61E-06,46,1
1.94E-06,0.0001163,54,8,,2.54E-06,8.96E-05,53,6,,1.62E-06,4.36E-06,41,5,,2.63E-06,0.00013292,60,12,,1.06E-05,0.00015691,64,8,,2.09E-06,4.61E-06,48,4
1.96E-06,0.0001163,53,24,,2.56E-06,8.96E-05,57,9,,1.62E-06,4.36E-06,43,8,,2.65E-06,0.00013292,63,23,,1.06E-05,0.00015705,61,16,,2.10E-06,4.61E-06,48,4
1.96E-06,0.0001163,53,44,,2.56E-06,8.96E-05,51,34,,1.63E-06,4.36E-06,37,12,,2.65E-06,0.00013292,55,19,,1.06E-05,0.00015712,59,14,,2.10E-06,4.61E-06,41,2
1.97E-06,0.0001163,56,27,,2.56E-06,8.96E-05,52,27,,1.63E-06,4.36E-06,46,13,,2.67E-06,0.00013292,61,9,,1.07E-05,0.0001574,57,6,,2.11E-06,4.61E-06,46,0
1.97E-06,0.0001163,56,20,,2.56E-06,8.96E-05,55,17,,1.64E-06,4.36E-06,42,14,,2.67E-06,0.00013292,58,23,,1.07E-05,0.00015775,58,10,,2.12E-06,4.61E-06,42,2
1.97E-06,0.0001163,48,22,,2.56E-06,8.96E-05,51,19,,1.64E-06,4.36E-06,39,10,,2.67E-06,0.00013292,62,14,,1.07E-05,0.00015786,61,5,,2.12E-06,4.61E-06,50,2
1.98E-06,0.0001163,51,42,,2.60E-06,8.96E-05,55,37,,1.64E-06,4.36E-06,38,11,,2.69E-06,0.00013292,67,12,,1.07E-05,0.00015786,67,10,,2.13E-06,4.61E-06,53,4
1.98E-06,0.0001163,55,18,,2.97E-06,8.96E-05,50,17,,1.65E-06,4.36E-06,39,10,,2.69E-06,0.00013292,58,6,,1.07E-05,0.00015801,58,6,,2.13E-06,4.61E-06,45,6
1.98E-06,0.0001163,56,61,,2.97E-06,8.96E-05,58,20,,1.65E-06,4.36E-06,39,4,,2.71E-06,0.00013292,60,21,,1.07E-05,0.00015807,56,15,,2.14E-06,4.61E-06,45,3
2.00E-06,0.0001163,54,24,,2.97E-06,8.96E-05,57,25,,1.65E-06,4.36E-06,46,10,,2.71E-06,0.00013292,67,21,,1.07E-05,0.0001583,63,12,,2.14E-06,4.61E-06,53,6
2.00E-06,0.0001163,54,61,,2.99E-06,8.96E-05,50,51,,1.66E-06,4.36E-06,38,20,,2.71E-06,0.00013292,58,8,,1.07E-05,0.0001583,59,4,,2.14E-06,4.61E-06,41,3
2.02E-06,0.0001163,63,33,,3.13E-06,8.96E-05,61,32,,1.66E-06,4.36E-06,44,21,,2.89E-06,0.00013292,72,11,,1.07E-05,0.0001583,71,11,,2.16E-06,4.61E-06,54,5
2.02E-06,0.0001163,55,47,,3.16E-06,8.96E-05,55,44,,1.68E-06,4.36E-06,43,20,,2.98E-06,0.00013292,67,42,,1.07E-05,0.00015848,67,33,,2.16E-06,4.61E-06,56,8
2.02E-06,0.0001163,57,64,,3.16E-06,8.96E-05,57,33,,1.68E-06,4.36E-06,44,14,,3.07E-06,0.00013292,68,31,,1.07E-05,0.00015855,74,20,,2.16E-06,4.61E-06,50,9
2.04E-06,0.0001163,58,17,,3.19E-06,8.96E-05,60,26,,1.68E-06,4.36E-06,43,4,,3.10E-06,0.00013292,67,29,,1.07E-05,0.00015862,68,24,,2.19E-06,4.61E-06,53,9
2.04E-06,0.0001163,61,26,,3.19E-06,8.96E-05,58,27,,1.69E-06,4.36E-06,47,10,,3.47E-06,0.00013292,70,20,,1.07E-05,0.00015897,72,16,,2.19E-06,4.61E-06,54,3
2.06E-06,0.0001163,54,52,,3.21E-06,8.96E-05,57,37,,1.69E-06,4.36E-06,43,16,,3.47E-06,0.00013292,74,23,,1.07E-05,0.00015897,72,11,,2.20E-06,4.61E-06,50,1
2.06E-06,0.0001163,56,26,,3.21E-06,8.96E-05,54,27,,1.70E-06,4.36E-06,38,12,,3.47E-06,0.00013292,62,40,,1.07E-05,0.00015898,65,29,,2.20E-06,4.61E-06,39,8
2.06E-06,0.0001163,52,22,,3.21E-06,8.96E-05,52,29,,1.70E-06,4.36E-06,41,11,,3.49E-06,0.00013292,64,33,,1.07E-05,0.00015921,64,16,,2.20E-06,4.61E-06,40,6
2.08E-06,0.0001163,56,43,,3.23E-06,8.96E-05,52,38,,1.70E-06,4.36E-06,40,15,,3.51E-06,0.00013292,72,17,,1.07E-05,0.00015921,76,13,,2.22E-06,4.61E-06,51,3
2.08E-06,0.0001163,55,34,,3.23E-06,8.96E-05,57,40,,1.72E-06,4.36E-06,42,9,,3.53E-06,0.00013292,65,43,,1.08E-05,0.00015933,63,28,,2.22E-06,4.61E-06,45,9
2.10E-06,0.0001163,50,22,,3.25E-06,8.96E-05,47,16,,1.72E-06,4.36E-06,35,10,,3.53E-06,0.00013292,66,16,,1.08E-05,0.00015947,67,16,,2.23E-06,4.61E-06,43,10
2.10E-06,0.0001163,61,23,,3.25E-06,8.96E-05,64,30,,1.74E-06,4.36E-06,48,16,,3.53E-06,0.00013292,75,49,,1.08E-05,0.00015955,76,32,,2.23E-06,4.61E-06,51,8
2.10E-06,0.0001163,49,23,,3.25E-06,8.96E-05,51,18,,1.74E-06,4.36E-06,36,9,,3.55E-06,0.00013292,77,22,,1.08E-05,0.00015961,74,14,,2.23E-06,4.61E-06,56,6
2.12E-06,0.0001163,60,76,,3.27E-06,8.96E-05,61,23,,1.74E-06,4.36E-06,43,7,,3.55E-06,0.00013292,74,64,,1.08E-05,0.00015986,70,38,,2.25E-06,4.61E-06,52,6
2.12E-06,0.0001163,60,52,,3.27E-06,8.96E-05,63,52,,1.75E-06,4.36E-06,49,22,,3.57E-06,0.00013292,80,46,,1.08E-05,0.00015994,76,35,,2.25E-06,4.61E-06,55,10
2.14E-06,0.0001163,64,6,,3.29E-06,8.96E-05,65,7,,1.75E-06,4.36E-06,49,3,,3.57E-06,0.00013292,75,42,,1.08E-05,0.00016003,69,45,,2.25E-06,4.61E-06,49,8
2.14E-06,0.0001163,53,49,,3.29E-06,8.96E-05,52,52,,1.83E-06,4.36E-06,41,14,,3.57E-06,0.00013292,71,35,,1.08E-05,0.00016004,70,69,,2.27E-06,4.61E-06,46,7
2.14E-06,0.0001163,60,24,,3.30E-06,8.96E-05,64,31,,1.83E-06,4.36E-06,48,11,,3.59E-06,0.00013292,71,149,,1.09E-05,0.00016027,67,46,,2.27E-06,4.61E-06,49,4
2.16E-06,0.0001163,62,31,,3.32E-06,8.96E-05,55,23,,1.86E-06,4.36E-06,44,9,,3.59E-06,0.00013292,78,51,,1.09E-05,0.00016027,76,36,,2.28E-06,4.61E-06,65,7
2.16E-06,0.0001163,56,59,,3.32E-06,8.96E-05,54,40,,1.98E-06,4.36E-06,39,21,,3.61E-06,0.00013292,66,28,,1.09E-05,0.00016041,71,24,,2.28E-06,4.61E-06,52,9
2.16E-06,0.0001163,64,27,,3.34E-06,8.96E-05,64,30,,2.31E-06,4.36E-06,50,12,,3.61E-06,0.00013292,80,31,,1.09E-05,0.00016048,80,31,,2.34E-06,4.61E-06,58,5
2.18E-06,0.0001163,51,59,,3.34E-06,8.96E-05,59,29,,2.31E-06,4.36E-06,40,18,,3.61E-06,0.00013292,71,46,,1.10E-05,0.00016048,66,31,,2.36E-06,4.61E-06,44,10
2.18E-06,0.0001163,64,65,,3.34E-06,8.96E-05,62,52,,2.34E-06,4.36E-06,46,20,,3.63E-06,0.00013292,76,25,,1.10E-05,0.00016055,75,28,,2.38E-06,4.61E-06,55,3
2.19E-06,0.0001163,62,27,,3.36E-06,8.97E-05,61,19,,2.34E-06,4.36E-06,50,9,,3.63E-06,0.00013292,79,183,,1.11E-05,0.00016055,82,35,,2.38E-06,4.61E-06,64,10
2.19E-06,0.0001163,61,58,,3.40E-06,8.97E-05,64,35,,2.36E-06,4.36E-06,49,24,,3.64E-06,0.00013292,70,40,,1.11E-05,0.00016068,73,25,,2.41E-06,4.61E-06,48,6
2.19E-06,0.0001163,58,43,,3.40E-06,8.98E-05,64,32,,2.36E-06,4.36E-06,46,14,,3.66E-06,0.00013292,84,122,,1.12E-05,0.00016075,85,26,,2.41E-06,4.61E-06,61,8
2.21E-06,0.0001163,63,38,,3.43E-06,8.98E-05,61,31,,2.36E-06,4.36E-06,48,16,,3.69E-06,0.00013292,78,27,,1.12E-05,0.00016082,75,15,,2.41E-06,4.61E-06,53,3
2.21E-06,0.0001163,64,9,,3.43E-06,8.98E-05,63,15,,2.38E-06,4.36E-06,43,2,,3.72E-06,0.00013292,76,54,,1.13E-05,0.00016094,74,78,,2.43E-06,4.61E-06,52,21
2.23E-06,0.0001163,65,37,,3.43E-06,8.98E-05,66,24,,2.38E-06,4.36E-06,53,14,,3.72E-06,0.00013294,73,287,,1.13E-05,0.00016103,74,24,,2.43E-06,4.61E-06,44,1
2.23E-06,0.00011631,66,34,,3.45E-06,8.98E-05,65,23,,2.40E-06,4.36E-06,48,8,,3.72E-06,0.00013294,76,41,,1.14E-05,0.00016103,72,22,,2.45E-06,4.61E-06,56,12
2.23E-06,0.00011631,72,60,,3.45E-06,8.98E-05,69,55,,2.40E-06,4.36E-06,49,12,,3.74E-06,0.00013294,74,62,,1.15E-05,0.00016103,81,37,,2.45E-06,4.61E-06,54,11
2.25E-06,0.00011631,69,33,,3.45E-06,8.98E-05,68,32,,2.40E-06,4.36E-06,54,12,,3.74E-06,0.00013294,68,46,,1.15E-05,0.0001612,74,17,,2.45E-06,4.61E-06,48,9
2.25E-06,0.00011631,60,24,,3.47E-06,8.98E-05,62,22,,2.42E-06,4.36E-06,46,15,,3.75E-06,0.00013294,73,70,,1.16E-05,0.00016122,79,45,,2.46E-06,4.61E-06,47,10
2.27E-06,0.00011631,64,9,,3.47E-06,8.98E-05,63,8,,2.42E-06,4.36E-06,50,7,,3.77E-06,0.00013294,85,82,,1.17E-05,0.00016122,78,30,,2.46E-06,4.61E-06,53,8
2.27E-06,0.00011631,69,32,,3.56E-06,8.98E-05,70,21,,2.44E-06,4.36E-06,55,8,,3.78E-06,0.00013294,73,327,,1.18E-05,0.00016122,72,71,,2.46E-06,4.61E-06,52,9
2.27E-06,0.00011631,60,22,,3.56E-06,8.98E-05,60,33,,2.44E-06,4.36E-06,44,9,,3.81E-06,0.00013294,76,56,,1.18E-05,0.00016122,78,40,,2.48E-06,4.61E-06,52,11
2.29E-06,0.00011631,68,43,,3.56E-06,8.98E-05,70,42,,2.44E-06,4.36E-06,54,17,,3.84E-06,0.00013294,69,51,,1.19E-05,0.00016133,72,24,,2.48E-06,4.61E-06,49,11
2.29E-06,0.00011631,58,41,,3.58E-06,8.98E-05,60,30,,2.94E-06,4.36E-06,44,8,,4.33E-06,0.00013294,74,43,,1.20E-05,0.00016134,77,77,,2.50E-06,4.61E-06,56,15
2.29E-06,0.00011631,57,122,,3.59E-06,8.98E-05,54,63,,2.94E-06,4.36E-06,39,26,,4.38E-06,0.00013294,66,69,,1.21E-05,0.00016159,66,47,,2.50E-06,4.61E-06,42,13
2.31E-06,0.00011631,63,49,,3.61E-06,8.98E-05,64,34,,2.94E-06,4.36E-06,55,17,,4.84E-06,0.00013294,74,109,,1.23E-05,0.0001616,80,84,,2.50E-06,4.61E-06,54,9
2.31E-06,0.00011631,58,68,,3.61E-06,8.98E-05,62,45,,2.96E-06,4.36E-06,42,9,,5.04E-06,0.00013295,74,196,,1.24E-05,0.00016162,71,74,,2.52E-06,4.61E-06,50,14
2.33E-06,0.00011631,62,44,,3.61E-06,8.98E-05,64,33,,2.96E-06,4.36E-06,52,11,,5.23E-06,0.00013295,82,112,,1.25E-05,0.0001617,88,70,,2.52E-06,4.61E-06,56,10
2.33E-06,0.00011631,72,22,,3.63E-06,8.98E-05,75,15,,2.98E-06,4.36E-06,57,8,,5.50E-06,0.00013295,71,42,,1.26E-05,0.00016197,69,70,,2.53E-06,4.61E-06,46,14
2.33E-06,0.00011631,50,27,,3.63E-06,8.98E-05,50,28,,2.98E-06,4.36E-06,41,11,,5.96E-06,0.00013297,78,368,,1.28E-05,0.00016209,76,54,,2.53E-06,4.61E-06,50,15
2.35E-06,0.00011631,62,27,,3.65E-06,8.98E-05,63,22,,2.98E-06,4.36E-06,43,9,,6.32E-06,0.00013297,73,114,,1.29E-05,0.00016217,73,71,,2.53E-06,4.61E-06,45,12
2.35E-06,0.00011631,62,111,,3.65E-06,8.98E-05,65,65,,3.00E-06,4.36E-06,47,18,,6.62E-06,0.00013298,72,304,,1.31E-05,0.00016236,72,38,,2.55E-06,4.61E-06,44,8
2.37E-06,0.00011631,65,58,,3.65E-06,8.98E-05,63,38,,3.00E-06,4.36E-06,50,15,,7.04E-06,0.00013306,74,925,,1.34E-05,0.00016271,75,60,,2.55E-06,4.61E-06,55,8
2.37E-06,0.00011631,67,56,,3.67E-06,8.98E-05,64,40,,3.02E-06,4.36E-06,47,20,,7.34E-06,0.00013306,77,122,,1.36E-05,0.00016274,78,78,,2.56E-06,4.61E-06,55,13
2.37E-06,0.00011631,70,47,,3.68E-06,8.98E-05,66,53,,3.02E-06,4.36E-06,50,17,,7.64E-06,0.00013311,74,1889,,1.37E-05,0.00016293,81,194,,2.56E-06,4.61E-06,50,10
2.39E-06,0.00011631,64,41,,3.68E-06,8.98E-05,64,38,,3.02E-06,4.36E-06,48,16,,7.95E-06,0.0001332,71,1500,,1.39E-05,0.00016324,73,123,,2.56E-06,4.61E-06,50,16
2.46E-06,0.00011631,68,22,,3.70E-06,8.98E-05,72,23,,3.05E-06,4.36E-06,42,14,,8.33E-06,0.0001332,76,191,,1.41E-05,0.00016324,75,38,,2.58E-06,4.61E-06,55,3
2.49E-06,0.00011631,65,28,,3.70E-06,8.98E-05,68,38,,3.05E-06,4.36E-06,48,9,,8.61E-06,0.00013328,72,1128,,1.43E-05,0.00016341,72,119,,2.58E-06,4.61E-06,53,28
2.49E-06,0.00011631,73,68,,3.71E-06,8.98E-05,68,52,,3.08E-06,4.36E-06,51,30,,9.09E-06,0.00013328,72,148,,1.44E-05,0.00016348,70,50,,2.58E-06,4.61E-06,54,20
2.60E-06,0.00011631,69,87,,3.71E-06,8.98E-05,66,47,,3.08E-06,4.36E-06,45,14,,9.61E-06,0.00013328,73,69,,1.46E-05,0.00016348,82,23,,2.60E-06,4.61E-06,46,8
2.60E-06,0.00011631,73,44,,3.71E-06,8.98E-05,72,36,,3.08E-06,4.36E-06,60,8,,1.00E-05,0.00013328,74,153,,1.98E-05,0.00016348,73,91,,2.72E-06,4.61E-06,54,25
2.63E-06,0.00011631,68,113,,3.73E-06,8.98E-05,71,40,,3.10E-06,4.36E-06,51,12,,1.03E-05,0.00013336,78,1780,,2.03E-05,0.00016352,75,175,,2.74E-06,4.61E-06,53,14
2.63E-06,0.00011644,73,70,,3.75E-06,8.98E-05,68,46,,3.10E-06,4.36E-06,48,9,,1.06E-05,0.0001334,79,851,,2.07E-05,0.00016379,83,233,,2.74E-06,4.61E-06,61,12
2.65E-06,0.00011644,74,60,,3.77E-06,8.98E-05,76,37,,3.11E-06,4.36E-06,62,18,,1.10E-05,0.0001334,77,217,,2.11E-05,0.00016388,76,175,,2.74E-06,4.61E-06,54,20
2.65E-06,0.00011651,65,35,,3.77E-06,8.98E-05,67,29,,3.11E-06,4.36E-06,41,10,,1.13E-05,0.0001334,80,196,,2.15E-05,0.00016411,80,95,,2.75E-06,4.61E-06,56,22
2.65E-06,0.00011651,63,38,,3.77E-06,8.98E-05,63,34,,3.11E-06,4.36E-06,47,8,,1.18E-05,0.0001334,74,64,,2.23E-05,0.00016421,79,74,,2.75E-06,4.61E-06,49,6
2.67E-06,0.00011651,64,85,,3.79E-06,8.98E-05,63,43,,3.13E-06,4.36E-06,48,12,,1.23E-05,0.00013343,75,1022,,2.28E-05,0.00016433,75,213,,2.77E-06,4.61E-06,49,18
2.67E-06,0.00011651,65,42,,3.79E-06,8.98E-05,67,31,,3.13E-06,4.36E-06,51,9,,1.27E-05,0.00013344,71,623,,2.34E-05,0.00016436,72,89,,2.77E-06,4.61E-06,46,7
2.69E-06,0.00011651,71,67,,3.81E-06,8.98E-05,73,82,,3.13E-06,4.36E-06,53,25,,1.33E-05,0.00013344,76,55,,2.38E-05,0.00016443,71,34,,2.77E-06,4.61E-06,51,11
2.69E-06,0.00011651,76,132,,3.81E-06,8.98E-05,72,64,,3.15E-06,4.36E-06,55,18,,1.41E-05,0.00013344,78,116,,2.45E-05,0.00016469,75,54,,2.79E-06,4.61E-06,47,16
2.69E-06,0.00011651,67,46,,3.81E-06,8.98E-05,64,59,,3.15E-06,4.36E-06,45,21,,1.45E-05,0.00013344,73,88,,2.48E-05,0.00016482,76,52,,2.79E-06,4.61E-06,49,13
2.71E-06,0.00011651,72,95,,3.83E-06,8.98E-05,70,47,,3.16E-06,4.36E-06,49,15,,1.51E-05,0.00013363,80,3534,,2.51E-05,0.00016528,78,257,,2.79E-06,4.61E-06,61,13
2.71E-06,0.00011651,73,21,,3.83E-06,8.98E-05,73,30,,3.16E-06,4.36E-06,54,14,,1.55E-05,0.00013364,78,413,,2.54E-05,0.00016529,79,93,,2.81E-06,4.61E-06,56,10
2.71E-06,0.00011651,64,46,,3.85E-06,8.98E-05,68,30,,3.16E-06,4.36E-06,49,12,,1.58E-05,0.00013364,71,33,,2.56E-05,0.00016532,70,123,,2.81E-06,4.61E-06,51,6
2.73E-06,0.00011651,74,67,,3.85E-06,8.98E-05,76,79,,3.18E-06,4.36E-06,55,12,,1.63E-05,0.00013385,73,6070,,2.62E-05,0.00016543,75,341,,2.88E-06,4.61E-06,51,12
2.73E-06,0.00011651,74,37,,3.85E-06,8.98E-05,73,53,,3.18E-06,4.36E-06,52,12,,1.67E-05,0.00013386,76,375,,2.65E-05,0.00016544,72,90,,2.88E-06,4.61E-06,54,23
2.75E-06,0.00011651,71,70,,3.87E-06,8.98E-05,71,55,,3.19E-06,4.36E-06,52,16,,1.71E-05,0.00013388,72,858,,2.68E-05,0.00016549,77,157,,2.88E-06,4.61E-06,44,17
2.75E-06,0.00011651,77,46,,3.88E-06,8.98E-05,76,36,,3.19E-06,4.36E-06,60,14,,1.74E-05,0.00013388,77,420,,2.74E-05,0.00016549,79,97,,2.92E-06,4.61E-06,61,26
2.75E-06,0.00011651,72,54,,3.88E-06,8.98E-05,68,44,,3.19E-06,4.36E-06,47,17,,1.78E-05,0.00013389,61,248,,2.76E-05,0.00016549,70,38,,2.92E-06,4.61E-06,41,11
2.94E-06,0.00011651,68,67,,3.90E-06,8.98E-05,69,70,,3.21E-06,4.36E-06,46,19,,1.81E-05,0.00013389,69,86,,2.78E-05,0.00016567,68,78,,2.94E-06,4.61E-06,39,14
3.04E-06,0.00011651,71,51,,3.90E-06,8.98E-05,69,49,,3.34E-06,4.36E-06,54,9,,1.84E-05,0.00013389,78,100,,2.82E-05,0.00016568,75,53,,2.94E-06,4.61E-06,47,18
3.04E-06,0.00011651,75,72,,3.92E-06,8.98E-05,79,80,,3.34E-06,4.36E-06,55,14,,1.88E-05,0.00013389,70,173,,2.88E-05,0.0001657,70,97,,2.94E-06,4.61E-06,51,24
3.27E-06,0.00011651,73,85,,3.92E-06,8.98E-05,71,63,,3.37E-06,4.36E-06,49,17,,1.91E-05,0.00013397,74,2421,,2.93E-05,0.00016595,75,183,,2.95E-06,4.61E-06,45,12
3.27E-06,0.00011651,74,36,,3.92E-06,8.98E-05,72,37,,3.37E-06,4.36E-06,46,13,,1.94E-05,0.0001341,76,2697,,2.96E-05,0.000166,80,123,,2.95E-06,4.61E-06,55,15
3.27E-06,0.00011651,74,119,,3.94E-06,8.98E-05,68,57,,3.37E-06,4.36E-06,43,19,,1.96E-05,0.00013423,72,2698,,3.03E-05,0.00016622,76,234,,2.97E-06,4.61E-06,50,25
3.29E-06,0.00011651,82,60,,3.96E-06,8.98E-05,80,36,,3.39E-06,4.36E-06,56,15,,1.98E-05,0.00013424,72,373,,3.09E-05,0.00016623,74,96,,3.02E-06,4.61E-06,48,10
3.29E-06,0.00011651,78,82,,3.98E-06,8.99E-05,79,25,,3.39E-06,4.36E-06,53,12,,2.00E-05,0.00013431,78,1617,,3.13E-05,0.00016635,78,102,,3.02E-06,4.61E-06,60,29
3.31E-06,0.00011651,79,92,,3.98E-06,8.99E-05,77,83,,3.41E-06,4.36E-06,60,21,,2.02E-05,0.00013431,70,249,,3.17E-05,0.00016643,70,69,,3.04E-06,4.61E-06,51,24
3.31E-06,0.00011651,70,64,,3.98E-06,8.99E-05,70,62,,3.41E-06,4.36E-06,58,18,,2.05E-05,0.00013438,75,2145,,3.22E-05,0.00016676,77,179,,3.04E-06,4.61E-06,52,19
3.31E-06,0.00011651,74,70,,4.01E-06,8.99E-05,72,41,,3.41E-06,4.36E-06,47,9,,2.07E-05,0.00013438,72,262,,3.27E-05,0.00016685,74,65,,3.04E-06,4.61E-06,49,13
3.33E-06,0.00011651,81,120,,4.01E-06,8.99E-05,78,73,,3.43E-06,4.36E-06,59,27,,2.09E-05,0.00013441,77,1320,,3.31E-05,0.0001671,71,145,,3.06E-06,4.61E-06,58,24
3.33E-06,0.00011651,72,98,,4.05E-06,8.99E-05,77,44,,3.43E-06,4.36E-06,56,14,,2.10E-05,0.00013441,78,406,,3.36E-05,0.00016727,71,149,,3.06E-06,4.61E-06,56,22
3.35E-06,0.00011651,66,115,,4.05E-06,8.99E-05,74,57,,3.43E-06,4.36E-06,55,25,,2.12E-05,0.00013447,85,1353,,3.43E-05,0.00016746,82,126,,3.07E-06,4.61E-06,59,15
3.35E-06,0.00011651,78,150,,4.07E-06,8.99E-05,74,83,,3.45E-06,4.36E-06,51,20,,2.13E-05,0.00013447,76,112,,3.46E-05,0.00016752,75,62,,3.07E-06,4.61E-06,47,6
3.35E-06,0.00011651,84,71,,4.09E-06,8.99E-05,85,36,,3.45E-06,4.36E-06,69,12,,2.14E-05,0.00013447,69,230,,3.51E-05,0.00016784,72,101,,3.07E-06,4.61E-06,47,33
3.37E-06,0.00011651,74,38,,4.11E-06,8.99E-05,81,33,,3.47E-06,4.36E-06,50,16,,2.17E-05,0.00013447,80,98,,3.56E-05,0.00016787,83,81,,3.09E-06,4.61E-06,55,22
3.37E-06,0.00011651,79,23,,4.12E-06,8.99E-05,75,22,,3.47E-06,4.36E-06,47,11,,2.20E-05,0.00013447,76,314,,3.62E-05,0.00016817,79,157,,3.09E-06,4.61E-06,53,16
3.37E-06,0.00011651,77,36,,4.12E-06,9.01E-05,77,39,,3.47E-06,4.36E-06,53,11,,2.22E-05,0.00013447,63,208,,3.67E-05,0.00016847,72,156,,3.11E-06,4.61E-06,45,12
3.39E-06,0.00011651,71,76,,4.12E-06,9.01E-05,74,57,,3.58E-06,4.36E-06,56,18,,2.22E-05,0.00013449,78,741,,3.70E-05,0.00016864,73,166,,3.11E-06,4.61E-06,53,6
3.39E-06,0.00011651,77,90,,4.15E-06,9.02E-05,77,54,,3.58E-06,4.36E-06,55,9,,2.22E-05,0.00013449,67,237,,3.75E-05,0.00016884,67,131,,3.13E-06,4.61E-06,46,17
3.41E-06,0.00011651,79,40,,4.15E-06,9.03E-05,78,37,,3.59E-06,4.36E-06,55,8,,2.23E-05,0.00013455,75,1326,,3.78E-05,0.00016908,80,119,,3.13E-06,4.61E-06,55,13
3.41E-06,0.00011651,73,86,,4.15E-06,9.03E-05,74,61,,3.59E-06,4.36E-06,47,19,,2.24E-05,0.00013456,72,574,,3.82E-05,0.00016931,74,167,,3.14E-06,4.61E-06,51,23
3.41E-06,0.00011651,77,154,,4.18E-06,9.04E-05,74,75,,3.59E-06,4.36E-06,55,21,,2.25E-05,0.00013464,72,2009,,3.88E-05,0.00016963,75,174,,3.14E-06,4.61E-06,54,27
3.43E-06,0.00011651,74,52,,4.18E-06,9.04E-05,80,33,,3.61E-06,4.36E-06,55,16,,2.26E-05,0.00013466,76,438,,3.92E-05,0.00017011,80,86,,3.14E-06,4.61E-06,59,27
3.43E-06,0.00011651,79,35,,4.20E-06,9.04E-05,78,25,,3.61E-06,4.36E-06,57,9,,2.27E-05,0.00013476,70,2040,,3.98E-05,0.00017035,76,132,,3.15E-06,4.61E-06,50,19
3.45E-06,0.00011651,82,68,,4.21E-06,9.04E-05,80,69,,3.63E-06,4.36E-06,51,25,,2.27E-05,0.00013478,77,425,,4.00E-05,0.00017043,74,101,,3.15E-06,4.61E-06,57,19
3.45E-06,0.00011651,76,106,,4.24E-06,9.04E-05,79,91,,3.63E-06,4.36E-06,57,26,,2.27E-05,0.00013478,78,337,,4.02E-05,0.00017055,76,128,,3.16E-06,4.61E-06,56,36
3.45E-06,0.00011651,77,84,,4.27E-06,9.04E-05,76,83,,3.63E-06,4.36E-06,51,15,,2.28E-05,0.00013478,77,516,,4.05E-05,0.0001708,78,195,,3.16E-06,4.61E-06,58,9
3.47E-06,0.00011651,75,59,,4.27E-06,9.04E-05,81,45,,3.65E-06,4.36E-06,52,20,,2.28E-05,0.0001348,75,868,,4.07E-05,0.00017109,77,293,,3.16E-06,4.61E-06,49,23
3.47E-06,0.00011651,82,83,,4.31E-06,9.05E-05,82,47,,3.65E-06,4.36E-06,59,14,,2.28E-05,0.0001348,75,146,,4.09E-05,0.00017135,74,130,,3.18E-06,4.61E-06,51,23
3.49E-06,0.00011652,76,146,,4.32E-06,9.05E-05,76,75,,3.66E-06,4.36E-06,49,19,,2.29E-05,0.00013488,73,2797,,4.12E-05,0.00017162,73,345,,3.18E-06,4.61E-06,53,18
3.49E-06,0.00011653,82,233,,4.35E-06,9.05E-05,78,64,,3.66E-06,4.36E-06,53,12,,2.30E-05,0.00013488,75,248,,4.18E-05,0.00017172,74,68,,3.18E-06,4.61E-06,52,16
3.49E-06,0.00011653,90,206,,4.37E-06,9.06E-05,89,84,,3.66E-06,4.36E-06,60,21,,2.31E-05,0.0001349,76,606,,4.19E-05,0.00017178,82,202,,3.20E-06,4.61E-06,63,31
3.51E-06,0.00011653,80,33,,4.53E-06,9.06E-05,82,29,,3.68E-06,4.36E-06,60,9,,2.33E-05,0.00013495,69,2406,,4.20E-05,0.00017211,72,335,,3.20E-06,4.61E-06,50,18
3.51E-06,0.00011654,83,127,,4.58E-06,9.08E-05,81,55,,3.74E-06,4.36E-06,55,23,,2.35E-05,0.00013507,76,3166,,4.25E-05,0.0001724,77,243,,3.22E-06,4.61E-06,47,20
3.53E-06,0.00011654,79,123,,4.59E-06,9.09E-05,78,88,,3.74E-06,4.36E-06,51,9,,2.37E-05,0.00013507,80,123,,4.30E-05,0.0001726,81,99,,3.22E-06,4.61E-06,54,15
3.55E-06,0.00011654,86,134,,4.60E-06,9.10E-05,86,62,,3.77E-06,4.36E-06,61,18,,2.38E-05,0.00013511,72,800,,4.33E-05,0.00017278,73,116,,3.22E-06,4.61E-06,45,30
3.55E-06,0.00011654,78,36,,4.65E-06,9.10E-05,83,41,,3.77E-06,4.36E-06,50,15,,2.40E-05,0.00013512,77,328,,4.36E-05,0.0001728,77,109,,3.24E-06,4.61E-06,52,11
3.57E-06,0.00011654,86,157,,4.67E-06,9.10E-05,85,95,,3.79E-06,4.36E-06,55,29,,2.43E-05,0.00013515,77,995,,4.38E-05,0.00017301,78,223,,3.24E-06,4.61E-06,59,25
3.57E-06,0.00011654,79,106,,4.70E-06,9.10E-05,82,64,,3.79E-06,4.36E-06,54,11,,2.44E-05,0.00013519,77,1246,,4.39E-05,0.00017316,77,136,,3.25E-06,4.61E-06,51,15
3.57E-06,0.00011655,82,176,,4.77E-06,9.10E-05,82,78,,3.79E-06,4.36E-06,53,24,,2.47E-05,0.00013534,79,4034,,4.40E-05,0.00017335,83,207,,3.25E-06,4.61E-06,53,21
3.59E-06,0.00011656,80,146,,4.80E-06,9.11E-05,80,99,,3.81E-06,4.36E-06,55,21,,2.49E-05,0.0001355,68,4571,,4.42E-05,0.00017365,72,195,,3.25E-06,4.61E-06,49,16
3.59E-06,0.00011656,81,194,,4.84E-06,9.11E-05,81,157,,3.81E-06,4.36E-06,62,20,,2.50E-05,0.00013551,78,926,,4.43E-05,0.00017405,82,313,,3.26E-06,4.61E-06,56,27
3.61E-06,0.00011656,88,87,,4.86E-06,9.11E-05,85,73,,3.82E-06,4.36E-06,59,18,,2.52E-05,0.00013555,76,1792,,4.44E-05,0.00017406,70,122,,3.26E-06,4.61E-06,46,28
3.61E-06,0.00011656,85,174,,4.90E-06,9.12E-05,90,104,,3.82E-06,4.36E-06,58,25,,2.55E-05,0.00013563,79,1436,,4.47E-05,0.00017433,80,117,,3.28E-06,4.61E-06,49,17
3.61E-06,0.00011656,82,67,,4.94E-06,9.15E-05,85,40,,3.82E-06,4.36E-06,58,10,,2.56E-05,0.0001357,80,2110,,4.48E-05,0.00017459,77,256,,3.28E-06,4.61E-06,51,28
3.63E-06,0.00011656,86,87,,4.99E-06,9.15E-05,86,86,,3.84E-06,4.36E-06,60,30,,2.57E-05,0.00013579,77,2080,,4.50E-05,0.00017478,74,223,,3.28E-06,4.61E-06,51,22
3.63E-06,0.00011656,89,89,,5.04E-06,9.15E-05,84,87,,3.84E-06,4.36E-06,65,12,,2.57E-05,0.00013586,81,1427,,4.52E-05,0.00017495,83,192,,3.30E-06,4.61E-06,66,22
3.65E-06,0.00011656,83,164,,5.13E-06,9.16E-05,86,107,,3.84E-06,4.36E-06,55,18,,2.58E-05,0.00013592,83,1694,,4.54E-05,0.0001751,79,300,,3.30E-06,4.61E-06,50,21
3.65E-06,0.00011656,92,200,,5.20E-06,9.16E-05,90,81,,3.85E-06,4.36E-06,64,14,,2.59E-05,0.00013593,75,306,,4.56E-05,0.00017531,80,183,,3.32E-06,4.61E-06,51,23
3.66E-06,0.00011656,90,108,,5.27E-06,9.16E-05,87,63,,3.85E-06,4.36E-06,55,15,,2.60E-05,0.00013602,75,2296,,4.64E-05,0.00017556,82,234,,3.32E-06,4.61E-06,54,32
3.69E-06,0.00011657,85,338,,5.35E-06,9.16E-05,85,128,,3.86E-06,4.36E-06,63,26,,2.61E-05,0.00013605,74,758,,4.69E-05,0.00017596,76,202,,3.32E-06,4.61E-06,55,19
3.69E-06,0.00011657,80,62,,5.50E-06,9.16E-05,83,56,,3.86E-06,4.36E-06,54,21,,2.62E-05,0.00013611,76,252,,4.73E-05,0.00017599,81,127,,3.34E-06,4.61E-06,46,31
3.71E-06,0.00011657,88,143,,5.60E-06,9.16E-05,88,113,,3.86E-06,4.36E-06,59,22,,2.65E-05,0.00013618,71,1825,,4.81E-05,0.00017608,73,262,,3.34E-06,4.61E-06,51,17
3.71E-06,0.00011657,85,78,,5.76E-06,9.17E-05,91,135,,3.88E-06,4.36E-06,54,20,,2.68E-05,0.00013619,75,1265,,4.87E-05,0.00017628,78,226,,3.34E-06,4.61E-06,51,19
3.72E-06,0.00011657,90,227,,5.82E-06,9.17E-05,91,107,,3.88E-06,4.36E-06,59,27,,2.70E-05,0.00013624,74,1708,,4.91E-05,0.00017633,74,166,,3.36E-06,4.61E-06,51,41
3.74E-06,0.00011657,90,122,,6.00E-06,9.17E-05,84,43,,3.89E-06,4.36E-06,60,22,,2.72E-05,0.00013626,81,722,,4.95E-05,0.00017635,78,161,,3.36E-06,4.61E-06,61,18
3.74E-06,0.00011657,88,87,,6.11E-06,9.17E-05,87,70,,3.89E-06,4.36E-06,59,14,,2.74E-05,0.00013629,82,902,,4.99E-05,0.00017642,80,207,,3.38E-06,4.61E-06,57,18
3.76E-06,0.00011658,89,209,,6.14E-06,9.18E-05,81,119,,3.89E-06,4.36E-06,55,21,,2.76E-05,0.00013631,72,1199,,5.02E-05,0.00017646,77,215,,3.38E-06,4.61E-06,52,23
3.78E-06,0.00011658,90,250,,6.25E-06,9.19E-05,85,66,,3.91E-06,4.36E-06,66,16,,2.78E-05,0.00013654,65,7881,,5.04E-05,0.00017658,63,355,,3.38E-06,4.61E-06,36,27
3.78E-06,0.00011658,86,73,,6.36E-06,9.19E-05,83,42,,3.91E-06,4.36E-06,62,14,,2.79E-05,0.00013654,80,324,,5.10E-05,0.00017668,82,124,,3.40E-06,4.61E-06,55,16
3.81E-06,0.00011658,91,191,,6.46E-06,9.20E-05,89,120,,3.93E-06,4.36E-06,55,13,,2.81E-05,0.00013658,77,1685,,5.14E-05,0.00017677,79,134,,3.40E-06,4.61E-06,51,17
3.84E-06,0.00011658,89,117,,6.60E-06,9.20E-05,87,80,,3.93E-06,4.36E-06,56,20,,2.82E-05,0.00013665,76,2943,,5.18E-05,0.00017712,75,297,,3.41E-06,4.61E-06,56,23
3.86E-06,0.0001166,87,299,,6.73E-06,9.20E-05,86,87,,3.93E-06,4.36E-06,56,15,,2.83E-05,0.00013665,79,198,,5.23E-05,0.00017719,74,112,,3.41E-06,4.61E-06,55,15
3.92E-06,0.00011661,91,204,,6.85E-06,9.20E-05,89,81,,3.95E-06,4.36E-06,54,14,,2.84E-05,0.00013666,75,642,,5.34E-05,0.00017728,75,106,,3.41E-06,4.61E-06,51,23
3.95E-06,0.00011661,94,154,,6.97E-06,9.20E-05,90,71,,3.95E-06,4.36E-06,61,11,,2.86E-05,0.00013677,74,3929,,5.37E-05,0.00017744,73,169,,3.43E-06,4.61E-06,48,25
4.02E-06,0.00011661,91,273,,7.08E-06,9.20E-05,89,218,,3.95E-06,4.36E-06,55,28,,2.89E-05,0.00013679,79,512,,5.43E-05,0.0001776,83,217,,3.43E-06,4.61E-06,55,37
4.04E-06,0.00011661,90,142,,7.34E-06,9.21E-05,90,103,,3.97E-06,4.36E-06,67,19,,2.89E-05,0.00013682,77,1027,,5.45E-05,0.00017767,81,274,,3.45E-06,4.61E-06,55,22
4.11E-06,0.00011661,90,43,,7.50E-06,9.21E-05,84,103,,3.97E-06,4.36E-06,60,12,,2.90E-05,0.00013684,77,983,,5.47E-05,0.00017772,79,200,,3.45E-06,4.61E-06,51,27
4.16E-06,0.00011662,89,178,,7.65E-06,9.21E-05,87,86,,3.99E-06,4.36E-06,56,11,,2.90E-05,0.00013689,74,984,,5.49E-05,0.00017795,69,127,,3.45E-06,4.61E-06,47,17
4.27E-06,0.00011662,96,138,,7.81E-06,9.21E-05,92,97,,3.99E-06,4.36E-06,55,26,,2.90E-05,0.00013696,70,2513,,5.54E-05,0.00017807,72,374,,3.47E-06,4.61E-06,56,27
4.36E-06,0.00011662,91,398,,7.95E-06,9.21E-05,91,156,,3.99E-06,4.36E-06,62,10,,2.91E-05,0.0001372,75,6877,,5.58E-05,0.00017867,74,613,,3.47E-06,4.61E-06,52,22
4.49E-06,0.00011665,91,875,,8.12E-06,9.21E-05,90,174,,4.01E-06,4.36E-06,61,27,,2.91E-05,0.00013728,83,2148,,5.64E-05,0.00017874,88,201,,3.49E-06,4.61E-06,52,19
4.58E-06,0.00011665,86,201,,8.35E-06,9.21E-05,89,108,,4.01E-06,4.36E-06,52,33,,2.91E-05,0.0001373,83,466,,5.69E-05,0.0001789,83,232,,3.49E-06,4.61E-06,56,24
4.69E-06,0.00011665,89,454,,8.55E-06,9.22E-05,88,162,,4.03E-06,4.36E-06,54,29,,2.93E-05,0.00013733,83,967,,5.80E-05,0.00017901,82,236,,3.49E-06,4.61E-06,56,14
4.84E-06,0.00011665,94,195,,8.70E-06,9.22E-05,91,64,,4.05E-06,4.36E-06,64,12,,2.95E-05,0.00013737,79,716,,5.83E-05,0.00017928,80,270,,3.50E-06,4.61E-06,55,27
4.97E-06,0.00011665,94,149,,8.91E-06,9.22E-05,91,95,,4.05E-06,4.36E-06,60,8,,2.98E-05,0.00013739,78,638,,5.90E-05,0.00017933,74,167,,3.50E-06,4.61E-06,51,22
5.11E-06,0.00011665,90,145,,9.13E-06,9.22E-05,93,64,,4.07E-06,4.36E-06,60,16,,2.99E-05,0.00013751,78,2273,,5.95E-05,0.00017947,75,241,,3.50E-06,4.61E-06,50,17
5.38E-06,0.00011665,95,123,,9.43E-06,9.22E-05,92,103,,4.07E-06,4.36E-06,62,27,,3.00E-05,0.00013755,84,585,,5.98E-05,0.00017962,82,119,,3.52E-06,4.61E-06,56,24
5.48E-06,0.00011665,89,424,,9.67E-06,9.22E-05,91,142,,4.09E-06,4.36E-06,62,11,,3.00E-05,0.00013769,84,1948,,5.99E-05,0.00017979,83,250,,3.52E-06,4.61E-06,51,33
5.66E-06,0.00011666,88,351,,1.01E-05,9.22E-05,94,103,,4.09E-06,4.36E-06,51,25,,3.00E-05,0.0001378,78,2315,,6.06E-05,0.0001799,81,154,,3.54E-06,4.61E-06,60,21
5.87E-06,0.00011666,91,453,,1.04E-05,9.22E-05,93,196,,4.09E-06,4.36E-06,54,34,,3.00E-05,0.0001378,84,519,,6.09E-05,0.00018038,82,337,,3.54E-06,4.61E-06,55,35
5.99E-06,0.00011667,92,315,,1.06E-05,9.23E-05,91,153,,4.11E-06,4.36E-06,53,34,,3.00E-05,0.00013788,82,1833,,6.15E-05,0.00018039,83,111,,3.54E-06,4.61E-06,57,19
6.20E-06,0.0001167,93,574,,1.08E-05,9.23E-05,93,118,,4.11E-06,4.36E-06,56,28,,3.00E-05,0.00013794,89,1499,,6.18E-05,0.00018044,86,154,,3.55E-06,4.61E-06,61,10
6.41E-06,0.0001167,94,369,,1.11E-05,9.23E-05,94,96,,4.13E-06,4.36E-06,61,17,,3.01E-05,0.00013795,81,529,,6.20E-05,0.00018069,81,178,,3.55E-06,4.61E-06,48,17
6.70E-06,0.00011682,96,1583,,1.15E-05,9.24E-05,97,152,,4.13E-06,4.36E-06,58,27,,3.01E-05,0.00013804,76,2380,,6.26E-05,0.0001808,77,171,,3.56E-06,4.61E-06,47,25
7.03E-06,0.00011685,95,364,,1.17E-05,9.24E-05,93,124,,4.13E-06,4.36E-06,64,16,,3.02E-05,0.00013813,88,1969,,6.28E-05,0.00018112,89,255,,3.56E-06,4.61E-06,56,26
7.33E-06,0.00011686,97,269,,1.21E-05,9.24E-05,96,102,,4.15E-06,4.36E-06,64,13,,3.02E-05,0.0001382,88,1908,,6.31E-05,0.00018115,85,138,,3.56E-06,4.61E-06,58,20
7.80E-06,0.00011688,97,323,,1.25E-05,9.24E-05,92,122,,4.15E-06,4.36E-06,59,32,,3.02E-05,0.00013831,83,3226,,6.38E-05,0.00018118,82,198,,3.57E-06,4.61E-06,59,29
8.26E-06,0.00011689,97,640,,1.32E-05,9.24E-05,97,207,,4.15E-06,4.36E-06,62,32,,3.03E-05,0.00013832,85,939,,6.44E-05,0.0001812,86,186,,3.57E-06,4.61E-06,55,31
8.95E-06,0.00011689,91,159,,1.38E-05,9.24E-05,91,105,,4.16E-06,4.36E-06,52,25,,3.04E-05,0.00013844,84,2624,,6.48E-05,0.00018135,89,260,,3.58E-06,4.61E-06,63,27
9.43E-06,0.00011699,95,2286,,1.45E-05,9.25E-05,96,149,,4.16E-06,4.36E-06,58,24,,3.05E-05,0.00013845,84,457,,6.55E-05,0.00018165,87,174,,3.58E-06,4.61E-06,56,23
1.01E-05,0.00011699,98,73,,1.50E-05,9.25E-05,97,63,,4.18E-06,4.36E-06,54,18,,3.09E-05,0.00013845,87,105,,6.62E-05,0.00018185,87,84,,3.58E-06,4.61E-06,55,14
1.09E-05,0.00011699,96,309,,1.58E-05,9.25E-05,98,142,,4.18E-06,4.36E-06,64,33,,3.14E-05,0.00013845,90,517,,6.69E-05,0.00018194,92,112,,3.60E-06,4.61E-06,63,22
1.15E-05,0.00011699,96,151,,1.62E-05,9.25E-05,97,145,,4.18E-06,4.36E-06,61,24,,3.25E-05,0.0001385,93,895,,6.77E-05,0.00018202,92,185,,3.60E-06,4.61E-06,62,31
1.22E-05,0.00011708,96,2065,,1.70E-05,9.26E-05,98,246,,4.20E-06,4.36E-06,68,27,,3.35E-05,0.0001387,89,5489,,6.84E-05,0.00018219,90,434,,3.60E-06,4.61E-06,64,22
1.29E-05,0.00011712,95,862,,1.79E-05,9.27E-05,95,145,,4.20E-06,4.36E-06,59,22,,3.43E-05,0.00013878,89,2014,,6.92E-05,0.00018248,92,316,,3.62E-06,4.61E-06,63,26
1.39E-05,0.00011713,97,283,,1.91E-05,9.27E-05,94,113,,4.22E-06,4.36E-06,59,18,,3.54E-05,0.00013884,96,1990,,6.98E-05,0.00018262,96,263,,3.62E-06,4.61E-06,67,20
1.47E-05,0.00011713,98,157,,2.02E-05,9.27E-05,95,81,,4.22E-06,4.36E-06,63,20,,3.60E-05,0.00013899,87,3900,,7.05E-05,0.00018269,88,194,,3.64E-06,4.61E-06,52,18
1.60E-05,0.00011722,98,1160,,2.11E-05,9.27E-05,96,107,,4.22E-06,4.36E-06,63,30,,3.69E-05,0.000139,93,821,,7.12E-05,0.00018291,94,255,,3.64E-06,4.61E-06,61,32
1.72E-05,0.00011723,98,239,,2.24E-05,9.27E-05,94,82,,4.24E-06,4.36E-06,50,14,,3.74E-05,0.00013909,94,2388,,7.20E-05,0.00018298,93,250,,3.64E-06,4.61E-06,61,24
1.87E-05,0.00011724,97,367,,2.40E-05,9.28E-05,98,176,,4.24E-06,4.36E-06,53,19,,3.79E-05,0.00013918,92,1984,,7.29E-05,0.00018323,95,325,,3.66E-06,4.61E-06,60,34
2.03E-05,0.00011724,98,466,,2.59E-05,9.28E-05,97,118,,4.26E-06,4.36E-06,60,16,,3.84E-05,0.00013922,93,1559,,7.38E-05,0.00018346,94,191,,3.66E-06,4.61E-06,55,30
2.29E-05,0.00011726,100,604,,2.86E-05,9.28E-05,100,146,,4.26E-06,4.36E-06,70,17,,3.89E-05,0.00013957,94,7854,,7.50E-05,0.00018381,98,417,,3.67E-06,4.61E-06,68,22
2.86E-05,0.00011745,99,3584,,3.08E-05,9.29E-05,97,426,,4.26E-06,4.36E-06,60,21,,3.95E-05,0.00013957,98,507,,7.64E-05,0.00018386,96,207,,3.67E-06,4.61E-06,54,32
3.47E-05,0.00011749,99,1059,,3.38E-05,9.30E-05,98,401,,4.27E-06,4.36E-06,61,22,,4.04E-05,0.00013974,94,3233,,7.87E-05,0.00018421,99,230,,3.67E-06,4.61E-06,62,36
4.55E-05,0.00011749,99,389,,3.74E-05,9.30E-05,98,206,,4.27E-06,4.36E-06,57,17,,4.17E-05,0.00013984,99,2897,,8.17E-05,0.00018452,98,319,,3.69E-06,4.61E-06,57,28
5.85E-05,0.0001176,100,2186,,4.31E-05,9.31E-05,99,336,,4.28E-06,4.36E-06,69,14,,4.41E-05,0.00014001,99,3732,,8.65E-05,0.00018488,95,363,,3.69E-06,4.61E-06,65,30
7.73E-05,0.00011772,100,1860,,5.24E-05,9.32E-05,100,188,,4.28E-06,4.36E-06,68,15,,6.31E-05,0.00014011,100,2677,,9.81E-05,0.00018525,95,299,,3.71E-06,4.61E-06,61,32
0.00011608,0.00011775,100,972,,8.94E-05,9.32E-05,100,197,,4.28E-06,4.36E-06,61,28,,0.00013246,0.00014021,100,3486,,0.00014189,0.0001854,100,453,,3.71E-06,4.61E-06,64,41