Insert,,,,,,,search,,,,,
LL A,LL B,BST A,BST B,Hash A,Hash B,,LL A,LL B,BST A,BST B,Hash A,Hash B
4.34E-06,1.28E-06,2.23E-06,2.14E-06,1.00E-08,8.00E-08,,1.27E-04,1.33E-04,4.80E-04,1.73E-03,8.95E-05,0.00014189
2.05E-06,2.02E-06,4.57E-06,4.15E-06,3.00E-08,2.70E-07,,2.44E-04,2.56E-04,4.81E-04,1.73E-03,8.95E-05,0.0001419
3.81E-06,2.20E-06,5.98E-06,6.31E-06,1.40E-07,3.30E-07,,3.57E-04,3.79E-04,4.82E-04,1.73E-03,8.96E-05,0.00014191
2.49E-06,1.64E-06,8.29E-06,8.46E-06,1.40E-07,6.20E-07,,5.55E-04,5.00E-04,4.83E-04,1.73E-03,8.96E-05,0.00014191
2.45E-06,1.11E-06,1.05E-05,9.97E-06,2.70E-07,6.20E-07,,6.91E-04,6.25E-04,4.84E-04,1.73E-03,8.96E-05,0.00014191
1.49E-06,1.35E-06,1.29E-05,1.15E-05,2.90E-07,6.70E-07,,7.83E-04,7.51E-04,4.85E-04,1.73E-03,8.96E-05,0.00014191
2.90E-06,1.01E-06,1.50E-05,1.30E-05,2.90E-07,6.90E-07,,8.83E-04,8.73E-04,4.86E-04,1.74E-03,8.96E-05,0.00014216
1.28E-06,1.09E-06,1.76E-05,1.46E-05,3.10E-07,9.40E-07,,9.77E-04,9.94E-04,4.87E-04,1.74E-03,8.96E-05,0.00014229
1.11E-06,1.09E-06,1.93E-05,1.62E-05,3.10E-07,1.15E-06,,1.07E-03,1.12E-03,4.88E-04,1.74E-03,8.96E-05,0.00014238
1.10E-06,1.09E-06,2.09E-05,1.81E-05,3.30E-07,1.30E-06,,1.17E-03,1.24E-03,4.89E-04,1.74E-03,8.96E-05,0.00014238
1.01E-06,1.05E-06,2.25E-05,2.01E-05,3.30E-07,1.55E-06,,1.27E-03,1.36E-03,4.90E-04,1.74E-03,8.96E-05,0.00014238
1.52E-06,1.39E-06,2.45E-05,2.21E-05,3.30E-07,1.69E-06,,1.37E-03,1.48E-03,4.91E-04,1.74E-03,8.96E-05,0.00014238
1.12E-06,1.23E-06,2.65E-05,2.37E-05,3.50E-07,1.72E-06,,1.47E-03,1.60E-03,4.92E-04,1.74E-03,8.96E-05,0.00014247
1.09E-06,1.94E-06,2.82E-05,2.60E-05,3.50E-07,1.75E-06,,1.59E-03,1.72E-03,4.93E-04,1.74E-03,8.96E-05,0.00014247
1.11E-06,3.22E-06,2.99E-05,2.78E-05,3.70E-07,1.75E-06,,1.71E-03,1.85E-03,4.94E-04,1.74E-03,8.96E-05,0.00014248
1.01E-06,2.74E-06,3.17E-05,2.95E-05,3.70E-07,1.75E-06,,1.86E-03,1.97E-03,4.95E-04,1.74E-03,8.96E-05,0.00014248
1.08E-06,3.87E-06,3.37E-05,3.14E-05,3.70E-07,1.77E-06,,1.99E-03,2.09E-03,4.96E-04,1.75E-03,8.96E-05,0.00014248
1.09E-06,1.18E-06,3.57E-05,3.49E-05,3.90E-07,1.77E-06,,2.11E-03,2.21E-03,4.97E-04,1.75E-03,8.96E-05,0.00014248
1.09E-06,1.09E-06,3.78E-05,3.73E-05,3.90E-07,1.79E-06,,2.21E-03,2.33E-03,4.98E-04,1.75E-03,8.96E-05,0.00014248
1.01E-06,1.05E-06,3.96E-05,4.37E-05,4.10E-07,1.79E-06,,2.31E-03,2.45E-03,4.99E-04,1.75E-03,8.96E-05,0.00014248
1.09E-06,1.09E-06,4.14E-05,5.03E-05,4.10E-07,1.79E-06,,2.41E-03,2.57E-03,5.00E-04,1.75E-03,8.96E-05,0.00014248
1.08E-06,1.09E-06,4.32E-05,5.49E-05,4.10E-07,1.81E-06,,2.50E-03,2.69E-03,5.01E-04,1.75E-03,8.96E-05,0.00014248
1.29E-06,1.34E-06,4.51E-05,5.74E-05,4.40E-07,1.81E-06,,2.61E-03,2.81E-03,5.02E-04,1.75E-03,8.96E-05,0.00014248
1.33E-06,1.09E-06,4.69E-05,6.00E-05,4.40E-07,1.87E-06,,2.71E-03,2.93E-03,5.03E-04,1.75E-03,8.96E-05,0.00014259
1.06E-06,1.05E-06,4.89E-05,6.23E-05,4.40E-07,1.96E-06,,2.81E-03,3.05E-03,5.04E-04,1.75E-03,8.96E-05,0.00014264
1.19E-06,1.09E-06,5.07E-05,6.34E-05,4.60E-07,2.09E-06,,2.90E-03,3.17E-03,5.05E-04,1.76E-03,8.96E-05,0.00014265
1.09E-06,1.09E-06,5.26E-05,6.46E-05,4.60E-07,2.21E-06,,3.00E-03,3.30E-03,5.06E-04,1.76E-03,8.96E-05,0.00014273
1.11E-06,1.11E-06,5.44E-05,6.57E-05,4.80E-07,2.21E-06,,3.09E-03,3.42E-03,5.07E-04,1.76E-03,8.96E-05,0.00014273
1.01E-06,1.01E-06,5.63E-05,6.68E-05,4.80E-07,2.21E-06,,3.19E-03,3.53E-03,5.08E-04,1.76E-03,8.96E-05,0.00014284
1.09E-06,1.09E-06,5.82E-05,6.80E-05,4.80E-07,2.37E-06,,3.27E-03,3.65E-03,5.09E-04,1.76E-03,8.96E-05,0.00014303
1.09E-06,1.65E-06,6.01E-05,6.93E-05,5.00E-07,2.65E-06,,3.38E-03,3.78E-03,5.10E-04,1.76E-03,8.96E-05,0.00014303
1.08E-06,1.10E-06,6.20E-05,7.04E-05,5.00E-07,2.73E-06,,3.47E-03,3.91E-03,5.11E-04,1.76E-03,8.96E-05,0.00014304
1.10E-06,1.13E-06,6.39E-05,7.18E-05,5.20E-07,2.79E-06,,3.56E-03,4.04E-03,5.12E-04,1.76E-03,8.96E-05,0.0001431
1.01E-06,1.01E-06,6.59E-05,7.31E-05,5.20E-07,2.86E-06,,3.67E-03,4.20E-03,5.13E-04,1.76E-03,8.96E-05,0.0001431
1.09E-06,1.70E-06,6.78E-05,7.42E-05,5.20E-07,2.99E-06,,3.76E-03,4.33E-03,5.14E-04,1.76E-03,8.96E-05,0.00014316
1.13E-06,1.21E-06,6.96E-05,7.55E-05,5.40E-07,3.04E-06,,3.86E-03,4.45E-03,5.15E-04,1.77E-03,8.96E-05,0.00014326
1.20E-06,1.09E-06,7.16E-05,7.69E-05,5.40E-07,3.05E-06,,3.95E-03,4.57E-03,5.16E-04,1.77E-03,8.96E-05,0.00014353
3.32E-06,1.22E-06,7.35E-05,7.83E-05,5.60E-07,3.21E-06,,4.06E-03,4.69E-03,5.17E-04,1.77E-03,8.96E-05,0.00014353
1.35E-06,1.63E-06,7.55E-05,7.98E-05,5.60E-07,3.21E-06,,4.15E-03,4.81E-03,5.18E-04,1.77E-03,8.96E-05,0.00014353
1.27E-06,1.10E-06,7.73E-05,8.08E-05,5.60E-07,3.21E-06,,4.25E-03,4.92E-03,5.19E-04,1.77E-03,8.96E-05,0.00014369
1.12E-06,1.13E-06,7.92E-05,8.20E-05,5.80E-07,3.23E-06,,4.34E-03,5.04E-03,5.20E-04,1.77E-03,8.96E-05,0.00014396
1.09E-06,1.65E-06,8.12E-05,8.32E-05,5.80E-07,3.23E-06,,4.43E-03,5.16E-03,5.21E-04,1.77E-03,8.96E-05,0.00014414
1.01E-06,1.02E-06,8.31E-05,8.43E-05,6.00E-07,3.23E-06,,4.53E-03,5.28E-03,5.22E-04,1.77E-03,8.96E-05,0.00014466
1.11E-06,1.18E-06,8.48E-05,8.54E-05,6.00E-07,3.25E-06,,4.61E-03,5.39E-03,5.23E-04,1.77E-03,8.96E-05,0.00014479
1.09E-06,1.07E-06,8.59E-05,8.64E-05,6.00E-07,3.25E-06,,4.71E-03,5.51E-03,5.24E-04,1.77E-03,8.96E-05,0.00014486
1.10E-06,1.07E-06,8.70E-05,8.76E-05,6.20E-07,3.27E-06,,4.80E-03,5.63E-03,5.25E-04,1.78E-03,8.96E-05,0.00014504
1.53E-06,1.07E-06,8.83E-05,8.88E-05,6.20E-07,3.27E-06,,4.90E-03,5.74E-03,5.26E-04,1.78E-03,8.96E-05,0.0001451
1.90E-06,1.01E-06,8.96E-05,8.99E-05,6.20E-07,3.27E-06,,5.00E-03,5.86E-03,5.27E-04,1.78E-03,8.96E-05,0.0001452
1.15E-06,1.07E-06,9.08E-05,9.10E-05,6.30E-07,3.29E-06,,5.09E-03,5.97E-03,5.28E-04,1.78E-03,8.96E-05,0.00014522
1.10E-06,1.07E-06,9.19E-05,9.21E-05,6.30E-07,3.29E-06,,5.19E-03,6.10E-03,5.29E-04,1.78E-03,8.96E-05,0.00014545
1.32E-06,1.07E-06,9.30E-05,9.41E-05,6.50E-07,3.31E-06,,5.28E-03,6.21E-03,5.30E-04,1.78E-03,8.96E-05,0.00014545
1.16E-06,1.01E-06,9.41E-05,9.68E-05,6.50E-07,3.31E-06,,5.38E-03,6.33E-03,5.31E-04,1.78E-03,8.96E-05,0.00014545
1.11E-06,1.54E-06,9.52E-05,1.12E-04,6.50E-07,3.31E-06,,5.47E-03,6.44E-03,5.32E-04,1.78E-03,8.96E-05,0.00014568
2.34E-06,1.37E-06,9.63E-05,1.14E-04,6.70E-07,3.33E-06,,5.57E-03,6.56E-03,5.33E-04,1.78E-03,8.96E-05,0.00014578
2.22E-06,1.08E-06,9.75E-05,1.17E-04,6.70E-07,3.33E-06,,5.66E-03,6.67E-03,5.34E-04,1.78E-03,8.96E-05,0.00014578
2.13E-06,1.57E-06,9.89E-05,1.19E-04,6.90E-07,3.35E-06,,5.75E-03,6.79E-03,5.35E-04,1.79E-03,8.96E-05,0.00014578
2.05E-06,1.17E-06,1.00E-04,1.22E-04,9.60E-07,3.35E-06,,5.84E-03,6.90E-03,5.36E-04,1.79E-03,8.96E-05,0.00014585
2.12E-06,1.08E-06,1.02E-04,1.24E-04,9.60E-07,3.35E-06,,5.93E-03,7.01E-03,5.37E-04,1.79E-03,8.96E-05,0.00014591
2.15E-06,1.16E-06,1.04E-04,1.27E-04,9.80E-07,3.37E-06,,6.01E-03,7.13E-03,5.38E-04,1.79E-03,8.96E-05,0.00014603
2.15E-06,1.06E-06,1.06E-04,1.29E-04,9.80E-07,3.38E-06,,6.11E-03,7.24E-03,5.39E-04,1.79E-03,8.96E-05,0.00014603
2.02E-06,1.01E-06,1.07E-04,1.32E-04,1.00E-06,3.40E-06,,6.21E-03,7.35E-03,5.40E-04,1.79E-03,8.96E-05,0.00014603
2.17E-06,1.14E-06,1.09E-04,1.35E-04,1.00E-06,3.40E-06,,6.30E-03,7.47E-03,5.41E-04,1.79E-03,8.96E-05,0.0001461
2.12E-06,1.08E-06,1.11E-04,1.38E-04,1.00E-06,3.40E-06,,6.40E-03,7.58E-03,5.42E-04,1.79E-03,8.96E-05,0.0001461
2.23E-06,1.06E-06,1.12E-04,1.40E-04,1.02E-06,3.41E-06,,6.50E-03,7.69E-03,5.43E-04,1.79E-03,8.96E-05,0.00014616
2.18E-06,1.07E-06,1.14E-04,1.43E-04,1.02E-06,3.41E-06,,6.59E-03,7.81E-03,5.44E-04,1.79E-03,8.96E-05,0.00014623
2.04E-06,1.02E-06,1.16E-04,1.46E-04,1.02E-06,3.41E-06,,6.68E-03,7.92E-03,5.45E-04,1.80E-03,8.96E-05,0.00014636
2.19E-06,1.06E-06,1.18E-04,1.49E-04,1.04E-06,3.42E-06,,6.77E-03,8.03E-03,5.46E-04,1.80E-03,8.96E-05,0.00014653
2.13E-06,1.06E-06,1.19E-04,1.51E-04,1.04E-06,3.42E-06,,6.86E-03,8.14E-03,5.47E-04,1.80E-03,8.96E-05,0.00014653
2.17E-06,1.09E-06,1.21E-04,1.54E-04,1.06E-06,3.44E-06,,6.95E-03,8.25E-03,5.48E-04,1.80E-03,8.96E-05,0.00014653
2.17E-06,1.09E-06,1.23E-04,1.57E-04,1.06E-06,3.44E-06,,7.05E-03,8.37E-03,5.49E-04,1.80E-03,8.96E-05,0.00014653
2.15E-06,1.03E-06,1.25E-04,1.60E-04,1.06E-06,3.44E-06,,7.14E-03,8.48E-03,5.50E-04,1.80E-03,8.96E-05,0.00014653
2.13E-06,1.08E-06,1.26E-04,1.63E-04,1.08E-06,3.46E-06,,7.22E-03,8.59E-03,5.51E-04,1.80E-03,8.96E-05,0.00014653
2.12E-06,1.08E-06,1.28E-04,1.65E-04,1.08E-06,3.46E-06,,7.31E-03,8.70E-03,5.52E-04,1.80E-03,8.96E-05,0.00014666
3.18E-06,1.07E-06,1.30E-04,1.67E-04,1.10E-06,3.47E-06,,7.41E-03,8.82E-03,5.53E-04,1.80E-03,8.96E-05,0.00014666
1.08E-06,1.01E-06,1.32E-04,1.69E-04,1.10E-06,3.47E-06,,7.50E-03,8.93E-03,5.54E-04,1.81E-03,8.96E-05,0.00014666
1.19E-06,1.07E-06,1.33E-04,1.72E-04,1.10E-06,3.47E-06,,7.59E-03,9.04E-03,5.55E-04,1.81E-03,8.96E-05,0.00014666
1.08E-06,1.21E-06,1.35E-04,1.74E-04,1.12E-06,3.49E-06,,7.68E-03,9.15E-03,5.56E-04,1.81E-03,8.96E-05,0.00014666
1.07E-06,1.06E-06,1.37E-04,1.77E-04,1.12E-06,3.49E-06,,7.78E-03,9.28E-03,5.57E-04,1.81E-03,8.96E-05,0.00014666
1.07E-06,1.06E-06,1.39E-04,1.79E-04,1.13E-06,3.50E-06,,7.87E-03,9.40E-03,5.58E-04,1.81E-03,8.96E-05,0.00014666
1.01E-06,1.01E-06,1.40E-04,1.82E-04,1.13E-06,3.50E-06,,7.96E-03,9.52E-03,5.59E-04,1.81E-03,8.96E-05,0.00014667
1.07E-06,1.06E-06,1.42E-04,1.87E-04,1.13E-06,3.50E-06,,8.05E-03,9.65E-03,5.60E-04,1.81E-03,8.96E-05,0.00014667
1.20E-06,1.06E-06,1.44E-04,1.89E-04,1.15E-06,3.52E-06,,8.14E-03,9.79E-03,5.61E-04,1.81E-03,8.96E-05,0.00014667
1.07E-06,1.06E-06,1.46E-04,1.91E-04,1.15E-06,3.52E-06,,8.23E-03,9.94E-03,5.62E-04,1.81E-03,8.96E-05,0.00014674
1.01E-06,1.01E-06,1.47E-04,1.93E-04,1.16E-06,3.54E-06,,8.32E-03,1.01E-02,5.63E-04,1.81E-03,8.96E-05,0.00014674
1.07E-06,1.06E-06,1.48E-04,1.96E-04,1.16E-06,3.54E-06,,8.41E-03,1.02E-02,5.64E-04,1.82E-03,8.96E-05,0.00014674
1.08E-06,1.06E-06,1.49E-04,1.98E-04,1.16E-06,3.54E-06,,8.50E-03,1.03E-02,5.65E-04,1.82E-03,8.96E-05,0.00014686
1.07E-06,1.06E-06,1.51E-04,2.00E-04,1.18E-06,3.56E-06,,8.58E-03,1.04E-02,5.66E-04,1.82E-03,8.96E-05,0.00014699
1.17E-06,1.06E-06,1.53E-04,2.02E-04,1.18E-06,3.56E-06,,8.67E-03,1.06E-02,5.67E-04,1.82E-03,8.96E-05,0.00014708
1.17E-06,1.01E-06,1.54E-04,2.04E-04,1.18E-06,3.56E-06,,8.76E-03,1.07E-02,5.68E-04,1.82E-03,8.96E-05,0.00014708
1.09E-06,1.06E-06,1.55E-04,2.06E-04,1.20E-06,3.57E-06,,8.85E-03,1.08E-02,5.69E-04,1.82E-03,8.96E-05,0.00014708
1.28E-06,1.13E-06,1.56E-04,2.08E-04,1.20E-06,3.57E-06,,8.94E-03,1.09E-02,5.70E-04,1.82E-03,8.96E-05,0.00014708
1.20E-06,1.11E-06,1.57E-04,2.10E-04,1.22E-06,3.58E-06,,9.04E-03,1.11E-02,5.71E-04,1.82E-03,8.96E-05,0.00014715
1.01E-06,1.01E-06,1.58E-04,2.12E-04,1.22E-06,3.58E-06,,9.13E-03,1.12E-02,5.72E-04,1.82E-03,8.96E-05,0.00014732
1.22E-06,1.09E-06,1.59E-04,2.16E-04,1.22E-06,3.58E-06,,9.22E-03,1.13E-02,5.73E-04,1.82E-03,8.96E-05,0.00014753
1.09E-06,1.08E-06,1.60E-04,2.18E-04,1.24E-06,3.60E-06,,9.31E-03,1.14E-02,5.74E-04,1.83E-03,8.96E-05,0.00014759
1.29E-06,1.23E-06,1.61E-04,2.21E-04,1.24E-06,3.60E-06,,9.40E-03,1.15E-02,5.75E-04,1.83E-03,8.96E-05,0.00014759
1.24E-06,1.06E-06,1.62E-04,2.24E-04,1.26E-06,3.62E-06,,9.50E-03,1.16E-02,5.76E-04,1.83E-03,8.96E-05,0.00014759
1.01E-06,1.05E-06,1.63E-04,2.26E-04,1.26E-06,3.62E-06,,9.59E-03,1.17E-02,5.77E-04,1.83E-03,8.96E-05,0.00014775
1.07E-06,1.07E-06,1.64E-04,2.30E-04,1.26E-06,3.62E-06,,9.68E-03,1.18E-02,5.78E-04,1.83E-03,8.96E-05,0.00014775
1.11E-06,1.06E-06,1.65E-04,2.37E-04,1.28E-06,3.64E-06,,9.77E-03,1.19E-02,5.79E-04,1.83E-03,8.96E-05,0.00014775
1.08E-06,1.06E-06,1.66E-04,2.40E-04,1.28E-06,3.64E-06,,9.86E-03,1.20E-02,5.80E-04,1.83E-03,8.96E-05,0.00014786
1.07E-06,1.06E-06,1.68E-04,2.45E-04,1.30E-06,3.66E-06,,9.94E-03,1.21E-02,5.81E-04,1.83E-03,8.96E-05,0.00014808
1.05E-06,1.01E-06,1.69E-04,2.48E-04,1.30E-06,3.66E-06,,1.00E-02,1.23E-02,5.82E-04,1.83E-03,8.96E-05,0.0001482
1.12E-06,1.06E-06,1.70E-04,2.50E-04,1.30E-06,3.66E-06,,1.01E-02,1.24E-02,5.83E-04,1.84E-03,8.96E-05,0.00014833
1.07E-06,1.06E-06,1.71E-04,2.53E-04,1.32E-06,3.67E-06,,1.02E-02,1.25E-02,5.84E-04,1.84E-03,8.96E-05,0.00014839
1.19E-06,1.07E-06,1.72E-04,2.56E-04,1.32E-06,3.67E-06,,1.03E-02,1.26E-02,5.85E-04,1.84E-03,8.96E-05,0.00014843
1.01E-06,1.01E-06,1.73E-04,2.59E-04,1.34E-06,3.67E-06,,1.04E-02,1.27E-02,5.86E-04,1.84E-03,8.96E-05,0.00014843
1.07E-06,1.06E-06,1.74E-04,2.61E-04,1.34E-06,3.68E-06,,1.05E-02,1.28E-02,5.87E-04,1.84E-03,8.96E-05,0.00014843
1.11E-06,1.06E-06,1.75E-04,2.64E-04,1.34E-06,3.68E-06,,1.06E-02,1.29E-02,5.88E-04,1.84E-03,8.96E-05,0.00014861
1.07E-06,1.07E-06,1.76E-04,2.67E-04,1.36E-06,3.69E-06,,1.06E-02,1.30E-02,5.89E-04,1.84E-03,8.96E-05,0.00014873
1.07E-06,1.06E-06,1.77E-04,2.70E-04,1.36E-06,3.69E-06,,1.07E-02,1.31E-02,5.90E-04,1.84E-03,8.96E-05,0.0001489
1.14E-06,1.01E-06,1.78E-04,2.72E-04,1.36E-06,3.69E-06,,1.08E-02,1.32E-02,5.91E-04,1.85E-03,8.96E-05,0.00014913
1.15E-06,1.06E-06,1.79E-04,2.75E-04,1.38E-06,3.70E-06,,1.09E-02,1.33E-02,5.92E-04,1.85E-03,8.96E-05,0.00014923
1.09E-06,1.06E-06,1.80E-04,2.79E-04,1.38E-06,3.70E-06,,1.10E-02,1.34E-02,5.93E-04,1.85E-03,8.96E-05,0.00014933
1.07E-06,1.06E-06,1.81E-04,2.83E-04,1.40E-06,3.71E-06,,1.11E-02,1.35E-02,5.94E-04,1.85E-03,8.96E-05,0.0001496
1.01E-06,1.01E-06,1.82E-04,2.87E-04,1.40E-06,3.71E-06,,1.12E-02,1.36E-02,5.95E-04,1.85E-03,8.96E-05,0.00014987
1.07E-06,1.06E-06,1.83E-04,2.90E-04,1.40E-06,3.71E-06,,1.12E-02,1.37E-02,5.96E-04,1.85E-03,8.96E-05,0.00014997
1.07E-06,1.89E-06,1.84E-04,2.94E-04,1.42E-06,3.72E-06,,1.13E-02,1.38E-02,5.97E-04,1.85E-03,8.96E-05,0.00015009
1.08E-06,1.09E-06,1.85E-04,2.97E-04,1.42E-06,3.72E-06,,1.14E-02,1.40E-02,5.98E-04,1.85E-03,8.96E-05,0.00015022
1.07E-06,1.06E-06,1.86E-04,3.00E-04,1.44E-06,3.74E-06,,1.15E-02,1.41E-02,5.99E-04,1.85E-03,8.96E-05,0.00015032
1.33E-06,1.03E-06,1.88E-04,3.03E-04,1.44E-06,4.00E-06,,1.16E-02,1.42E-02,6.00E-04,1.86E-03,8.96E-05,0.00015054
1.09E-06,1.06E-06,1.89E-04,3.06E-04,1.44E-06,4.00E-06,,1.17E-02,1.43E-02,6.01E-04,1.86E-03,8.96E-05,0.00015067
1.07E-06,1.07E-06,1.90E-04,3.10E-04,1.47E-06,4.18E-06,,1.18E-02,1.44E-02,6.02E-04,1.86E-03,8.96E-05,0.00015067
1.07E-06,1.06E-06,1.91E-04,3.14E-04,1.47E-06,4.20E-06,,1.19E-02,1.45E-02,6.03E-04,1.86E-03,8.96E-05,0.00015067
1.01E-06,1.01E-06,1.92E-04,3.18E-04,1.49E-06,4.24E-06,,1.20E-02,1.47E-02,6.04E-04,1.86E-03,8.96E-05,0.00015077
1.07E-06,1.06E-06,1.93E-04,3.27E-04,1.49E-06,4.43E-06,,1.21E-02,1.48E-02,6.05E-04,1.86E-03,8.96E-05,0.00015078
1.13E-06,1.06E-06,1.94E-04,3.30E-04,1.49E-06,4.56E-06,,1.22E-02,1.49E-02,6.06E-04,1.86E-03,8.96E-05,0.00015093
1.11E-06,1.05E-06,1.95E-04,3.36E-04,1.51E-06,4.56E-06,,1.23E-02,1.50E-02,6.07E-04,1.86E-03,8.96E-05,0.00015122
1.07E-06,1.06E-06,1.96E-04,3.40E-04,1.51E-06,4.88E-06,,1.24E-02,1.51E-02,6.08E-04,1.87E-03,8.96E-05,0.00015122
1.67E-06,1.01E-06,1.97E-04,3.43E-04,1.51E-06,5.06E-06,,1.25E-02,1.52E-02,6.09E-04,1.87E-03,8.96E-05,0.00015132
1.34E-06,1.06E-06,1.98E-04,3.46E-04,1.53E-06,5.27E-06,,1.26E-02,1.53E-02,6.10E-04,1.87E-03,8.96E-05,0.00015133
1.12E-06,1.06E-06,1.99E-04,3.51E-04,1.53E-06,5.64E-06,,1.27E-02,1.54E-02,6.11E-04,1.87E-03,8.96E-05,0.00015142
1.08E-06,1.07E-06,2.00E-04,3.55E-04,1.55E-06,5.64E-06,,1.28E-02,1.55E-02,6.12E-04,1.87E-03,8.96E-05,0.00015152
1.07E-06,1.06E-06,2.01E-04,3.59E-04,1.55E-06,5.64E-06,,1.28E-02,1.56E-02,6.13E-04,1.87E-03,8.96E-05,0.00015152
1.01E-06,1.01E-06,2.02E-04,3.64E-04,1.55E-06,5.66E-06,,1.29E-02,1.57E-02,6.14E-04,1.87E-03,8.96E-05,0.00015152
1.09E-06,1.06E-06,2.03E-04,3.68E-04,1.57E-06,5.66E-06,,1.30E-02,1.58E-02,6.15E-04,1.88E-03,8.96E-05,0.00015152
1.07E-06,1.06E-06,2.04E-04,3.71E-04,1.57E-06,5.81E-06,,1.31E-02,1.59E-02,6.16E-04,1.88E-03,8.96E-05,0.0001516
1.29E-06,1.22E-06,2.05E-04,3.75E-04,1.59E-06,5.81E-06,,1.32E-02,1.60E-02,6.17E-04,1.88E-03,8.96E-05,0.0001516
1.14E-06,1.01E-06,2.06E-04,3.78E-04,1.59E-06,6.05E-06,,1.33E-02,1.61E-02,6.18E-04,1.88E-03,8.96E-05,0.00015165
1.09E-06,1.06E-06,2.07E-04,3.82E-04,1.59E-06,6.28E-06,,1.33E-02,1.62E-02,6.19E-04,1.88E-03,8.96E-05,0.00015165
1.07E-06,1.10E-06,2.09E-04,3.85E-04,1.61E-06,6.61E-06,,1.34E-02,1.63E-02,6.20E-04,1.88E-03,8.96E-05,0.00015186
1.10E-06,1.06E-06,2.10E-04,3.87E-04,1.61E-06,6.76E-06,,1.35E-02,1.64E-02,6.21E-04,1.88E-03,8.96E-05,0.00015186
1.07E-06,1.06E-06,2.11E-04,3.90E-04,1.63E-06,6.82E-06,,1.36E-02,1.65E-02,6.22E-04,1.89E-03,8.96E-05,0.00015187
1.01E-06,1.02E-06,2.12E-04,3.92E-04,1.63E-06,7.08E-06,,1.37E-02,1.66E-02,6.23E-04,1.89E-03,8.96E-05,0.00015199
1.09E-06,1.06E-06,2.13E-04,3.95E-04,1.63E-06,7.16E-06,,1.38E-02,1.67E-02,6.24E-04,1.89E-03,8.96E-05,0.00015199
1.07E-06,1.06E-06,2.14E-04,3.98E-04,1.65E-06,7.28E-06,,1.38E-02,1.68E-02,6.25E-04,1.89E-03,8.96E-05,0.00015199
1.07E-06,1.06E-06,2.16E-04,4.00E-04,1.65E-06,7.36E-06,,1.39E-02,1.69E-02,6.26E-04,1.89E-03,8.96E-05,0.00015199
1.03E-06,1.01E-06,2.17E-04,4.04E-04,1.67E-06,7.42E-06,,1.40E-02,1.70E-02,6.27E-04,1.89E-03,8.96E-05,0.00015199
1.07E-06,1.06E-06,2.18E-04,4.07E-04,1.67E-06,7.42E-06,,1.41E-02,1.71E-02,6.29E-04,1.89E-03,8.96E-05,0.00015199
1.07E-06,1.06E-06,2.19E-04,4.10E-04,1.67E-06,7.49E-06,,1.42E-02,1.72E-02,6.30E-04,1.89E-03,8.96E-05,0.00015199
1.10E-06,1.06E-06,2.20E-04,4.20E-04,1.69E-06,7.49E-06,,1.43E-02,1.73E-02,6.31E-04,1.90E-03,8.96E-05,0.00015199
1.07E-06,1.08E-06,2.21E-04,4.35E-04,1.69E-06,7.52E-06,,1.43E-02,1.74E-02,6.32E-04,1.90E-03,8.96E-05,0.00015199
1.01E-06,1.01E-06,2.22E-04,4.40E-04,1.69E-06,7.52E-06,,1.44E-02,1.75E-02,6.33E-04,1.90E-03,8.96E-05,0.00015199
1.15E-06,1.06E-06,2.23E-04,4.44E-04,1.71E-06,7.52E-06,,1.45E-02,1.76E-02,6.34E-04,1.90E-03,8.96E-05,0.00015199
1.09E-06,1.06E-06,2.24E-04,4.52E-04,1.71E-06,7.54E-06,,1.46E-02,1.77E-02,6.35E-04,1.90E-03,8.96E-05,0.00015199
1.07E-06,1.30E-06,2.25E-04,4.58E-04,1.73E-06,7.54E-06,,1.47E-02,1.78E-02,6.36E-04,1.90E-03,8.96E-05,0.00015199
1.03E-06,1.35E-06,2.26E-04,4.64E-04,1.73E-06,7.56E-06,,1.48E-02,1.79E-02,6.37E-04,1.91E-03,8.96E-05,0.00015199
1.22E-06,1.09E-06,2.28E-04,4.68E-04,1.73E-06,7.56E-06,,1.48E-02,1.80E-02,6.38E-04,1.91E-03,8.96E-05,0.00015199
1.06E-06,1.07E-06,2.29E-04,4.73E-04,1.75E-06,7.56E-06,,1.49E-02,1.81E-02,6.39E-04,1.91E-03,8.96E-05,0.00015199
1.06E-06,1.06E-06,2.30E-04,4.76E-04,1.75E-06,7.57E-06,,1.50E-02,1.82E-02,6.40E-04,1.91E-03,8.96E-05,0.00015199
1.12E-06,1.06E-06,2.31E-04,4.79E-04,1.76E-06,8.82E-06,,1.51E-02,1.83E-02,6.41E-04,1.91E-03,8.96E-05,0.00015199
1.01E-06,1.01E-06,2.32E-04,4.82E-04,1.76E-06,9.02E-06,,1.52E-02,1.84E-02,6.42E-04,1.91E-03,8.96E-05,0.00015199
1.06E-06,1.10E-06,2.33E-04,4.85E-04,1.76E-06,9.02E-06,,1.53E-02,1.85E-02,6.43E-04,1.91E-03,8.96E-05,0.00015199
1.07E-06,1.06E-06,2.34E-04,4.88E-04,1.77E-06,9.05E-06,,1.53E-02,1.86E-02,6.44E-04,1.92E-03,8.96E-05,0.00015199
1.06E-06,1.06E-06,2.35E-04,4.91E-04,1.77E-06,9.05E-06,,1.54E-02,1.87E-02,6.45E-04,1.92E-03,8.96E-05,0.00015207
1.06E-06,1.06E-06,2.36E-04,4.94E-04,1.79E-06,9.05E-06,,1.55E-02,1.88E-02,6.46E-04,1.92E-03,8.96E-05,0.00015217
1.01E-06,1.02E-06,2.37E-04,4.97E-04,1.79E-06,9.08E-06,,1.56E-02,1.89E-02,6.47E-04,1.92E-03,8.96E-05,0.00015235
1.19E-06,1.06E-06,2.38E-04,5.00E-04,1.79E-06,9.08E-06,,1.57E-02,1.90E-02,6.48E-04,1.92E-03,8.96E-05,0.00015235
1.08E-06,1.05E-06,2.39E-04,5.03E-04,1.81E-06,9.08E-06,,1.57E-02,1.91E-02,6.49E-04,1.92E-03,8.96E-05,0.00015235
1.06E-06,1.05E-06,2.40E-04,5.07E-04,1.83E-06,9.10E-06,,1.58E-02,1.92E-02,6.50E-04,1.93E-03,8.96E-05,0.00015235
1.02E-06,1.02E-06,2.41E-04,5.10E-04,1.85E-06,9.10E-06,,1.59E-02,1.93E-02,6.51E-04,1.93E-03,8.96E-05,0.00015235
1.20E-06,1.06E-06,2.42E-04,5.13E-04,1.85E-06,9.11E-06,,1.60E-02,1.94E-02,6.52E-04,1.93E-03,8.96E-05,0.00015235
1.06E-06,1.05E-06,2.43E-04,5.16E-04,1.85E-06,9.11E-06,,1.61E-02,1.95E-02,6.53E-04,1.93E-03,8.96E-05,0.00015242
1.06E-06,1.05E-06,2.44E-04,5.19E-04,1.87E-06,9.11E-06,,1.62E-02,1.96E-02,6.54E-04,1.93E-03,8.96E-05,0.00015242
1.12E-06,1.06E-06,2.45E-04,5.22E-04,1.87E-06,9.12E-06,,1.62E-02,1.96E-02,6.55E-04,1.93E-03,8.96E-05,0.00015252
1.01E-06,1.65E-06,2.46E-04,5.25E-04,1.87E-06,9.12E-06,,1.63E-02,1.97E-02,6.56E-04,1.94E-03,8.96E-05,0.00015267
1.06E-06,1.07E-06,2.47E-04,5.30E-04,1.90E-06,9.13E-06,,1.64E-02,1.98E-02,6.57E-04,1.94E-03,8.96E-05,0.0001528
1.06E-06,1.05E-06,2.48E-04,5.37E-04,1.90E-06,9.13E-06,,1.65E-02,1.99E-02,6.58E-04,1.94E-03,8.96E-05,0.00015291
1.06E-06,1.07E-06,2.49E-04,5.45E-04,1.92E-06,9.13E-06,,1.66E-02,2.00E-02,6.59E-04,1.94E-03,8.96E-05,0.00015291
1.15E-06,1.01E-06,2.50E-04,5.49E-04,1.92E-06,9.14E-06,,1.66E-02,2.01E-02,6.60E-04,1.94E-03,8.96E-05,0.00015311
1.16E-06,1.22E-06,2.51E-04,5.52E-04,1.92E-06,9.65E-06,,1.67E-02,2.02E-02,6.61E-04,1.94E-03,8.96E-05,0.00015343
1.07E-06,1.06E-06,2.52E-04,5.57E-04,1.94E-06,9.88E-06,,1.68E-02,2.03E-02,6.62E-04,1.95E-03,8.96E-05,0.0001536
1.05E-06,1.08E-06,2.53E-04,5.61E-04,1.94E-06,1.00E-05,,1.69E-02,2.04E-02,6.63E-04,1.95E-03,8.96E-05,0.0001536
1.05E-06,1.06E-06,2.54E-04,5.65E-04,1.97E-06,1.00E-05,,1.70E-02,2.05E-02,6.64E-04,1.95E-03,8.96E-05,0.0001536
1.01E-06,1.01E-06,2.55E-04,5.68E-04,1.97E-06,1.01E-05,,1.70E-02,2.06E-02,6.65E-04,1.95E-03,8.96E-05,0.00015367
1.05E-06,1.05E-06,2.56E-04,5.71E-04,1.97E-06,1.02E-05,,1.71E-02,2.07E-02,6.66E-04,1.95E-03,8.96E-05,0.00015384
1.07E-06,1.06E-06,2.57E-04,5.74E-04,2.00E-06,1.02E-05,,1.72E-02,2.08E-02,6.67E-04,1.95E-03,8.96E-05,0.00015398
1.05E-06,1.05E-06,2.59E-04,5.78E-04,2.00E-06,1.04E-05,,1.73E-02,2.09E-02,6.68E-04,1.96E-03,8.96E-05,0.00015399
1.01E-06,1.01E-06,2.60E-04,5.81E-04,2.02E-06,1.05E-05,,1.74E-02,2.10E-02,6.69E-04,1.96E-03,8.96E-05,0.00015432
1.09E-06,1.05E-06,2.61E-04,5.85E-04,2.02E-06,1.05E-05,,1.74E-02,2.11E-02,6.70E-04,1.96E-03,8.96E-05,0.00015456
1.06E-06,1.07E-06,2.62E-04,5.88E-04,2.02E-06,1.05E-05,,1.75E-02,2.12E-02,6.71E-04,1.96E-03,8.96E-05,0.00015463
1.05E-06,1.05E-06,2.63E-04,5.92E-04,2.04E-06,1.06E-05,,1.76E-02,2.13E-02,6.72E-04,1.96E-03,8.96E-05,0.0001548
1.05E-06,1.05E-06,2.64E-04,5.95E-04,2.04E-06,1.06E-05,,1.77E-02,2.14E-02,6.73E-04,1.96E-03,8.96E-05,0.0001548
1.01E-06,1.01E-06,2.65E-04,5.99E-04,2.04E-06,1.06E-05,,1.78E-02,2.14E-02,6.74E-04,1.97E-03,8.96E-05,0.00015485
1.06E-06,1.05E-06,2.66E-04,6.02E-04,2.06E-06,1.06E-05,,1.79E-02,2.15E-02,6.75E-04,1.97E-03,8.96E-05,0.00015501
1.06E-06,1.05E-06,2.67E-04,6.06E-04,2.06E-06,1.06E-05,,1.79E-02,2.16E-02,6.76E-04,1.97E-03,8.96E-05,0.00015516
1.05E-06,1.05E-06,2.68E-04,6.09E-04,2.08E-06,1.06E-05,,1.80E-02,2.17E-02,6.77E-04,1.97E-03,8.96E-05,0.00015516
1.05E-06,1.05E-06,2.69E-04,6.13E-04,2.08E-06,1.06E-05,,1.81E-02,2.18E-02,6.78E-04,1.97E-03,8.96E-05,0.00015516
1.02E-06,1.01E-06,2.70E-04,6.17E-04,2.08E-06,1.06E-05,,1.82E-02,2.19E-02,6.79E-04,1.98E-03,8.96E-05,0.00015531
1.06E-06,1.06E-06,2.71E-04,6.20E-04,2.09E-06,1.06E-05,,1.83E-02,2.20E-02,6.80E-04,1.98E-03,8.96E-05,0.00015557
1.05E-06,1.05E-06,2.72E-04,6.24E-04,2.09E-06,1.06E-05,,1.83E-02,2.21E-02,6.81E-04,1.98E-03,8.96E-05,0.00015558
1.05E-06,1.05E-06,2.73E-04,6.27E-04,2.11E-06,1.06E-05,,1.84E-02,2.22E-02,6.82E-04,1.98E-03,8.96E-05,0.0001556
1.05E-06,1.01E-06,2.74E-04,6.31E-04,2.11E-06,1.06E-05,,1.85E-02,2.23E-02,6.83E-04,1.98E-03,8.96E-05,0.00015593
1.07E-06,1.06E-06,2.75E-04,6.35E-04,2.11E-06,1.06E-05,,1.86E-02,2.24E-02,6.84E-04,1.98E-03,8.96E-05,0.00015621
1.19E-06,1.05E-06,2.76E-04,6.38E-04,2.54E-06,1.06E-05,,1.86E-02,2.25E-02,6.85E-04,1.99E-03,8.96E-05,0.00015642
1.05E-06,1.05E-06,2.77E-04,6.42E-04,2.54E-06,1.06E-05,,1.87E-02,2.26E-02,6.86E-04,1.99E-03,8.96E-05,0.00015691
1.06E-06,1.06E-06,2.78E-04,6.46E-04,2.56E-06,1.06E-05,,1.88E-02,2.27E-02,6.87E-04,1.99E-03,8.96E-05,0.00015705
1.01E-06,1.01E-06,2.79E-04,6.50E-04,2.56E-06,1.06E-05,,1.89E-02,2.28E-02,6.88E-04,1.99E-03,8.96E-05,0.00015712
1.05E-06,1.05E-06,2.80E-04,6.54E-04,2.56E-06,1.07E-05,,1.89E-02,2.28E-02,6.89E-04,1.99E-03,8.96E-05,0.0001574
1.05E-06,1.05E-06,2.81E-04,6.57E-04,2.56E-06,1.07E-05,,1.90E-02,2.29E-02,6.90E-04,2.00E-03,8.96E-05,0.00015775
1.07E-06,1.07E-06,2.82E-04,6.61E-04,2.56E-06,1.07E-05,,1.91E-02,2.30E-02,6.91E-04,2.00E-03,8.96E-05,0.00015786
1.01E-06,1.01E-06,2.83E-04,6.65E-04,2.60E-06,1.07E-05,,1.92E-02,2.31E-02,6.92E-04,2.00E-03,8.96E-05,0.00015786
1.06E-06,1.05E-06,2.84E-04,6.69E-04,2.97E-06,1.07E-05,,1.92E-02,2.32E-02,6.93E-04,2.00E-03,8.96E-05,0.00015801
1.05E-06,1.05E-06,2.85E-04,6.74E-04,2.97E-06,1.07E-05,,1.93E-02,2.33E-02,6.94E-04,2.00E-03,8.96E-05,0.00015807
1.05E-06,1.05E-06,2.86E-04,6.79E-04,2.97E-06,1.07E-05,,1.94E-02,2.34E-02,6.95E-04,2.01E-03,8.96E-05,0.0001583
1.06E-06,1.05E-06,2.87E-04,6.86E-04,2.99E-06,1.07E-05,,1.95E-02,2.35E-02,6.96E-04,2.01E-03,8.96E-05,0.0001583
1.01E-06,1.01E-06,2.89E-04,6.95E-04,3.13E-06,1.07E-05,,1.95E-02,2.35E-02,6.97E-04,2.01E-03,8.96E-05,0.0001583
1.05E-06,1.05E-06,2.90E-04,6.99E-04,3.16E-06,1.07E-05,,1.96E-02,2.36E-02,6.98E-04,2.01E-03,8.96E-05,0.00015848
1.05E-06,1.05E-06,2.91E-04,7.03E-04,3.16E-06,1.07E-05,,1.97E-02,2.37E-02,6.99E-04,2.01E-03,8.96E-05,0.00015855
1.13E-06,1.05E-06,2.92E-04,7.07E-04,3.19E-06,1.07E-05,,1.98E-02,2.38E-02,7.00E-04,2.02E-03,8.96E-05,0.00015862
1.01E-06,1.01E-06,2.93E-04,7.11E-04,3.19E-06,1.07E-05,,1.98E-02,2.39E-02,7.01E-04,2.02E-03,8.96E-05,0.00015897
1.06E-06,1.05E-06,2.94E-04,7.15E-04,3.21E-06,1.07E-05,,1.99E-02,2.40E-02,7.02E-04,2.02E-03,8.96E-05,0.00015897
1.16E-06,1.16E-06,2.95E-04,7.20E-04,3.21E-06,1.07E-05,,2.00E-02,2.41E-02,7.03E-04,2.02E-03,8.96E-05,0.00015898
1.05E-06,1.05E-06,2.96E-04,7.24E-04,3.21E-06,1.07E-05,,2.01E-02,2.42E-02,7.04E-04,2.02E-03,8.96E-05,0.00015921
1.05E-06,1.05E-06,2.97E-04,7.29E-04,3.23E-06,1.07E-05,,2.01E-02,2.43E-02,7.05E-04,2.03E-03,8.96E-05,0.00015921
1.01E-06,1.01E-06,2.98E-04,7.33E-04,3.23E-06,1.08E-05,,2.02E-02,2.43E-02,7.06E-04,2.03E-03,8.96E-05,0.00015933
1.05E-06,1.05E-06,2.99E-04,7.37E-04,3.25E-06,1.08E-05,,2.03E-02,2.44E-02,7.07E-04,2.03E-03,8.96E-05,0.00015947
1.06E-06,1.46E-06,3.00E-04,7.41E-04,3.25E-06,1.08E-05,,2.04E-02,2.45E-02,7.08E-04,2.03E-03,8.96E-05,0.00015955
1.06E-06,1.73E-06,3.01E-04,7.48E-04,3.25E-06,1.08E-05,,2.04E-02,2.46E-02,7.09E-04,2.03E-03,8.96E-05,0.00015961
1.05E-06,1.09E-06,3.02E-04,7.57E-04,3.27E-06,1.08E-05,,2.05E-02,2.47E-02,7.10E-04,2.04E-03,8.96E-05,0.00015986
1.15E-06,1.01E-06,3.03E-04,7.61E-04,3.27E-06,1.08E-05,,2.06E-02,2.48E-02,7.11E-04,2.04E-03,8.96E-05,0.00015994
1.18E-06,1.06E-06,3.04E-04,7.66E-04,3.29E-06,1.08E-05,,2.07E-02,2.49E-02,7.12E-04,2.04E-03,8.96E-05,0.00016003
1.13E-06,1.05E-06,3.05E-04,7.70E-04,3.29E-06,1.08E-05,,2.07E-02,2.50E-02,7.13E-04,2.04E-03,8.96E-05,0.00016004
1.06E-06,1.05E-06,3.06E-04,7.74E-04,3.30E-06,1.09E-05,,2.08E-02,2.51E-02,7.14E-04,2.05E-03,8.96E-05,0.00016027
1.02E-06,1.01E-06,3.07E-04,7.79E-04,3.32E-06,1.09E-05,,2.09E-02,2.52E-02,7.15E-04,2.05E-03,8.96E-05,0.00016027
1.08E-06,1.07E-06,3.08E-04,7.83E-04,3.32E-06,1.09E-05,,2.09E-02,2.53E-02,7.16E-04,2.05E-03,8.96E-05,0.00016041
1.05E-06,1.05E-06,3.09E-04,7.87E-04,3.34E-06,1.09E-05,,2.10E-02,2.54E-02,7.17E-04,2.05E-03,8.96E-05,0.00016048
1.05E-06,1.05E-06,3.10E-04,7.92E-04,3.34E-06,1.10E-05,,2.11E-02,2.55E-02,7.18E-04,2.06E-03,8.96E-05,0.00016048
1.06E-06,1.05E-06,3.11E-04,7.96E-04,3.34E-06,1.10E-05,,2.12E-02,2.56E-02,7.19E-04,2.06E-03,8.96E-05,0.00016055
1.02E-06,1.01E-06,3.12E-04,8.00E-04,3.36E-06,1.11E-05,,2.12E-02,2.57E-02,7.20E-04,2.06E-03,8.97E-05,0.00016055
1.05E-06,1.05E-06,3.13E-04,8.05E-04,3.40E-06,1.11E-05,,2.13E-02,2.57E-02,7.21E-04,2.06E-03,8.97E-05,0.00016068
1.05E-06,1.05E-06,3.14E-04,8.09E-04,3.40E-06,1.12E-05,,2.14E-02,2.58E-02,7.22E-04,2.07E-03,8.98E-05,0.00016075
1.05E-06,1.05E-06,3.15E-04,8.14E-04,3.43E-06,1.12E-05,,2.15E-02,2.59E-02,7.23E-04,2.07E-03,8.98E-05,0.00016082
1.01E-06,1.04E-06,3.16E-04,8.19E-04,3.43E-06,1.13E-05,,2.15E-02,2.60E-02,7.24E-04,2.07E-03,8.98E-05,0.00016094
1.06E-06,1.06E-06,3.18E-04,8.23E-04,3.43E-06,1.13E-05,,2.16E-02,2.61E-02,7.25E-04,2.07E-03,8.98E-05,0.00016103
1.05E-06,1.05E-06,3.19E-04,8.27E-04,3.45E-06,1.14E-05,,2.17E-02,2.62E-02,7.26E-04,2.07E-03,8.98E-05,0.00016103
1.05E-06,1.05E-06,3.20E-04,8.32E-04,3.45E-06,1.15E-05,,2.18E-02,2.63E-02,7.27E-04,2.08E-03,8.98E-05,0.00016103
1.05E-06,1.05E-06,3.21E-04,8.37E-04,3.45E-06,1.15E-05,,2.19E-02,2.64E-02,7.28E-04,2.08E-03,8.98E-05,0.0001612
1.04E-06,1.01E-06,3.22E-04,8.41E-04,3.47E-06,1.16E-05,,2.19E-02,2.64E-02,7.29E-04,2.08E-03,8.98E-05,0.00016122
1.06E-06,1.05E-06,3.23E-04,8.46E-04,3.47E-06,1.17E-05,,2.20E-02,2.65E-02,7.30E-04,2.08E-03,8.98E-05,0.00016122
1.05E-06,1.05E-06,3.24E-04,8.50E-04,3.56E-06,1.18E-05,,2.21E-02,2.66E-02,7.31E-04,2.09E-03,8.98E-05,0.00016122
1.05E-06,1.05E-06,3.25E-04,8.55E-04,3.56E-06,1.18E-05,,2.21E-02,2.67E-02,7.32E-04,2.09E-03,8.98E-05,0.00016122
1.02E-06,1.01E-06,3.26E-04,8.60E-04,3.56E-06,1.19E-05,,2.22E-02,2.68E-02,7.33E-04,2.09E-03,8.98E-05,0.00016133
1.05E-06,1.05E-06,3.27E-04,8.65E-04,3.58E-06,1.20E-05,,2.23E-02,2.69E-02,7.34E-04,2.09E-03,8.98E-05,0.00016134
1.05E-06,1.05E-06,3.28E-04,8.75E-04,3.59E-06,1.21E-05,,2.24E-02,2.69E-02,7.35E-04,2.09E-03,8.98E-05,0.00016159
1.05E-06,1.05E-06,3.29E-04,8.81E-04,3.61E-06,1.23E-05,,2.25E-02,2.70E-02,7.36E-04,2.10E-03,8.98E-05,0.0001616
1.05E-06,1.07E-06,3.30E-04,8.86E-04,3.61E-06,1.24E-05,,2.26E-02,2.71E-02,7.37E-04,2.10E-03,8.98E-05,0.00016162
1.02E-06,1.01E-06,3.31E-04,8.91E-04,3.61E-06,1.25E-05,,2.27E-02,2.72E-02,7.38E-04,2.10E-03,8.98E-05,0.0001617
1.05E-06,1.05E-06,3.32E-04,8.96E-04,3.63E-06,1.26E-05,,2.28E-02,2.73E-02,7.39E-04,2.10E-03,8.98E-05,0.00016197
1.05E-06,1.05E-06,3.33E-04,9.00E-04,3.63E-06,1.28E-05,,2.28E-02,2.74E-02,7.40E-04,2.11E-03,8.98E-05,0.00016209
1.05E-06,1.08E-06,3.34E-04,9.04E-04,3.65E-06,1.29E-05,,2.29E-02,2.74E-02,7.41E-04,2.11E-03,8.98E-05,0.00016217
1.05E-06,1.05E-06,3.35E-04,9.09E-04,3.65E-06,1.31E-05,,2.30E-02,2.75E-02,7.42E-04,2.11E-03,8.98E-05,0.00016236
1.01E-06,1.01E-06,3.36E-04,9.14E-04,3.65E-06,1.34E-05,,2.31E-02,2.76E-02,7.43E-04,2.11E-03,8.98E-05,0.00016271
1.05E-06,1.05E-06,3.37E-04,9.21E-04,3.67E-06,1.36E-05,,2.31E-02,2.77E-02,7.44E-04,2.12E-03,8.98E-05,0.00016274
1.19E-06,1.23E-06,3.38E-04,9.27E-04,3.68E-06,1.37E-05,,2.32E-02,2.78E-02,7.45E-04,2.12E-03,8.98E-05,0.00016293
1.11E-06,1.05E-06,3.39E-04,9.33E-04,3.68E-06,1.39E-05,,2.33E-02,2.78E-02,7.46E-04,2.12E-03,8.98E-05,0.00016324
1.01E-06,1.01E-06,3.40E-04,9.38E-04,3.70E-06,1.41E-05,,2.33E-02,2.79E-02,7.47E-04,2.12E-03,8.98E-05,0.00016324
1.05E-06,1.05E-06,3.41E-04,9.43E-04,3.70E-06,1.43E-05,,2.34E-02,2.80E-02,7.48E-04,2.13E-03,8.98E-05,0.00016341
1.05E-06,1.05E-06,3.42E-04,9.48E-04,3.71E-06,1.44E-05,,2.35E-02,2.81E-02,7.49E-04,2.13E-03,8.98E-05,0.00016348
1.08E-06,1.05E-06,3.43E-04,9.52E-04,3.71E-06,1.46E-05,,2.36E-02,2.82E-02,7.50E-04,2.13E-03,8.98E-05,0.00016348
1.05E-06,1.05E-06,3.44E-04,9.57E-04,3.71E-06,1.98E-05,,2.36E-02,2.83E-02,7.51E-04,2.13E-03,8.98E-05,0.00016348
1.01E-06,1.01E-06,3.45E-04,9.61E-04,3.73E-06,2.03E-05,,2.37E-02,2.83E-02,7.52E-04,2.14E-03,8.98E-05,0.00016352
1.82E-06,1.05E-06,3.47E-04,9.66E-04,3.75E-06,2.07E-05,,2.38E-02,2.84E-02,7.53E-04,2.14E-03,8.98E-05,0.00016379
1.13E-06,1.08E-06,3.48E-04,9.70E-04,3.77E-06,2.11E-05,,2.38E-02,2.85E-02,7.55E-04,2.14E-03,8.98E-05,0.00016388
1.05E-06,1.07E-06,3.49E-04,9.75E-04,3.77E-06,2.15E-05,,2.39E-02,2.86E-02,7.56E-04,2.14E-03,8.98E-05,0.00016411
1.01E-06,1.01E-06,3.50E-04,9.80E-04,3.77E-06,2.23E-05,,2.40E-02,2.87E-02,7.57E-04,2.15E-03,8.98E-05,0.00016421
1.05E-06,1.05E-06,3.51E-04,9.85E-04,3.79E-06,2.28E-05,,2.40E-02,2.87E-02,7.58E-04,2.15E-03,8.98E-05,0.00016433
1.09E-06,1.06E-06,3.52E-04,9.90E-04,3.79E-06,2.34E-05,,2.41E-02,2.88E-02,7.59E-04,2.15E-03,8.98E-05,0.00016436
1.05E-06,1.05E-06,3.53E-04,9.95E-04,3.81E-06,2.38E-05,,2.42E-02,2.89E-02,7.60E-04,2.15E-03,8.98E-05,0.00016443
1.05E-06,1.05E-06,3.54E-04,9.99E-04,3.81E-06,2.45E-05,,2.42E-02,2.90E-02,7.61E-04,2.16E-03,8.98E-05,0.00016469
1.01E-06,1.01E-06,3.55E-04,1.00E-03,3.81E-06,2.48E-05,,2.43E-02,2.91E-02,7.62E-04,2.16E-03,8.98E-05,0.00016482
1.05E-06,1.06E-06,3.56E-04,1.01E-03,3.83E-06,2.51E-05,,2.44E-02,2.91E-02,7.63E-04,2.16E-03,8.98E-05,0.00016528
1.05E-06,1.05E-06,3.57E-04,1.02E-03,3.83E-06,2.54E-05,,2.44E-02,2.92E-02,7.64E-04,2.16E-03,8.98E-05,0.00016529
1.05E-06,1.05E-06,3.58E-04,1.02E-03,3.85E-06,2.56E-05,,2.45E-02,2.93E-02,7.65E-04,2.17E-03,8.98E-05,0.00016532
1.01E-06,1.01E-06,3.59E-04,1.03E-03,3.85E-06,2.62E-05,,2.46E-02,2.94E-02,7.66E-04,2.17E-03,8.98E-05,0.00016543
1.05E-06,1.06E-06,3.60E-04,1.03E-03,3.85E-06,2.65E-05,,2.46E-02,2.95E-02,7.67E-04,2.17E-03,8.98E-05,0.00016544
1.05E-06,1.05E-06,3.61E-04,1.04E-03,3.87E-06,2.68E-05,,2.47E-02,2.95E-02,7.68E-04,2.17E-03,8.98E-05,0.00016549
1.05E-06,1.05E-06,3.62E-04,1.04E-03,3.88E-06,2.74E-05,,2.48E-02,2.96E-02,7.69E-04,2.18E-03,8.98E-05,0.00016549
1.05E-06,1.05E-06,3.63E-04,1.05E-03,3.88E-06,2.76E-05,,2.48E-02,2.97E-02,7.70E-04,2.18E-03,8.98E-05,0.00016549
1.01E-06,1.01E-06,3.64E-04,1.06E-03,3.90E-06,2.78E-05,,2.49E-02,2.98E-02,7.71E-04,2.18E-03,8.98E-05,0.00016567
1.06E-06,1.05E-06,3.65E-04,1.06E-03,3.90E-06,2.82E-05,,2.50E-02,2.99E-02,7.72E-04,2.19E-03,8.98E-05,0.00016568
1.05E-06,1.05E-06,3.66E-04,1.07E-03,3.92E-06,2.88E-05,,2.50E-02,2.99E-02,7.73E-04,2.19E-03,8.98E-05,0.0001657
1.05E-06,1.05E-06,3.67E-04,1.07E-03,3.92E-06,2.93E-05,,2.51E-02,3.00E-02,7.74E-04,2.19E-03,8.98E-05,0.00016595
1.05E-06,1.05E-06,3.68E-04,1.08E-03,3.92E-06,2.96E-05,,2.52E-02,3.01E-02,7.75E-04,2.19E-03,8.98E-05,0.000166
1.01E-06,1.05E-06,3.69E-04,1.08E-03,3.94E-06,3.03E-05,,2.52E-02,3.02E-02,7.76E-04,2.20E-03,8.98E-05,0.00016622
1.05E-06,1.06E-06,3.70E-04,1.09E-03,3.96E-06,3.09E-05,,2.53E-02,3.03E-02,7.77E-04,2.20E-03,8.98E-05,0.00016623
1.05E-06,1.05E-06,3.71E-04,1.09E-03,3.98E-06,3.13E-05,,2.54E-02,3.03E-02,7.78E-04,2.20E-03,8.99E-05,0.00016635
1.05E-06,1.05E-06,3.72E-04,1.10E-03,3.98E-06,3.17E-05,,2.54E-02,3.04E-02,7.79E-04,2.20E-03,8.99E-05,0.00016643
1.01E-06,1.02E-06,3.73E-04,1.10E-03,3.98E-06,3.22E-05,,2.55E-02,3.05E-02,7.80E-04,2.21E-03,8.99E-05,0.00016676
1.08E-06,1.05E-06,3.74E-04,1.11E-03,4.01E-06,3.27E-05,,2.56E-02,3.06E-02,7.81E-04,2.21E-03,8.99E-05,0.00016685
1.05E-06,1.09E-06,3.75E-04,1.11E-03,4.01E-06,3.31E-05,,2.57E-02,3.07E-02,7.82E-04,2.21E-03,8.99E-05,0.0001671
1.05E-06,1.05E-06,3.76E-04,1.12E-03,4.05E-06,3.36E-05,,2.57E-02,3.07E-02,7.83E-04,2.21E-03,8.99E-05,0.00016727
1.05E-06,1.06E-06,3.77E-04,1.12E-03,4.05E-06,3.43E-05,,2.58E-02,3.08E-02,7.84E-04,2.22E-03,8.99E-05,0.00016746
1.01E-06,1.01E-06,3.78E-04,1.13E-03,4.07E-06,3.46E-05,,2.59E-02,3.09E-02,7.85E-04,2.22E-03,8.99E-05,0.00016752
1.05E-06,1.05E-06,3.79E-04,1.14E-03,4.09E-06,3.51E-05,,2.59E-02,3.10E-02,7.86E-04,2.22E-03,8.99E-05,0.00016784
1.05E-06,1.05E-06,3.81E-04,1.14E-03,4.11E-06,3.56E-05,,2.60E-02,3.10E-02,7.87E-04,2.22E-03,8.99E-05,0.00016787
1.19E-06,1.24E-06,3.82E-04,1.15E-03,4.12E-06,3.62E-05,,2.61E-02,3.11E-02,7.88E-04,2.23E-03,8.99E-05,0.00016817
1.01E-06,1.01E-06,3.83E-04,1.15E-03,4.12E-06,3.67E-05,,2.61E-02,3.12E-02,7.89E-04,2.23E-03,9.01E-05,0.00016847
1.05E-06,1.05E-06,3.84E-04,1.16E-03,4.12E-06,3.70E-05,,2.62E-02,3.13E-02,7.90E-04,2.23E-03,9.01E-05,0.00016864
1.05E-06,1.05E-06,3.85E-04,1.16E-03,4.15E-06,3.75E-05,,2.63E-02,3.13E-02,7.91E-04,2.24E-03,9.02E-05,0.00016884
1.05E-06,1.08E-06,3.86E-04,1.17E-03,4.15E-06,3.78E-05,,2.63E-02,3.14E-02,7.92E-04,2.24E-03,9.03E-05,0.00016908
1.31E-06,1.07E-06,3.88E-04,1.17E-03,4.15E-06,3.82E-05,,2.64E-02,3.15E-02,7.93E-04,2.24E-03,9.03E-05,0.00016931
1.01E-06,1.01E-06,3.89E-04,1.18E-03,4.18E-06,3.88E-05,,2.64E-02,3.16E-02,7.94E-04,2.24E-03,9.04E-05,0.00016963
1.07E-06,1.05E-06,3.90E-04,1.18E-03,4.18E-06,3.92E-05,,2.65E-02,3.17E-02,7.95E-04,2.25E-03,9.04E-05,0.00017011
1.05E-06,1.06E-06,3.91E-04,1.19E-03,4.20E-06,3.98E-05,,2.66E-02,3.17E-02,7.96E-04,2.25E-03,9.04E-05,0.00017035
1.08E-06,1.05E-06,3.92E-04,1.19E-03,4.21E-06,4.00E-05,,2.67E-02,3.18E-02,7.97E-04,2.25E-03,9.04E-05,0.00017043
1.02E-06,1.01E-06,3.93E-04,1.20E-03,4.24E-06,4.02E-05,,2.67E-02,3.19E-02,7.98E-04,2.26E-03,9.04E-05,0.00017055
1.07E-06,1.05E-06,3.94E-04,1.21E-03,4.27E-06,4.05E-05,,2.68E-02,3.19E-02,7.99E-04,2.26E-03,9.04E-05,0.0001708
1.05E-06,1.05E-06,3.95E-04,1.21E-03,4.27E-06,4.07E-05,,2.68E-02,3.20E-02,8.00E-04,2.26E-03,9.04E-05,0.00017109
1.05E-06,1.12E-06,3.96E-04,1.22E-03,4.31E-06,4.09E-05,,2.69E-02,3.21E-02,8.01E-04,2.27E-03,9.05E-05,0.00017135
1.17E-06,1.05E-06,3.97E-04,1.22E-03,4.32E-06,4.12E-05,,2.70E-02,3.22E-02,8.02E-04,2.27E-03,9.05E-05,0.00017162
1.01E-06,1.01E-06,3.98E-04,1.23E-03,4.35E-06,4.18E-05,,2.70E-02,3.23E-02,8.03E-04,2.27E-03,9.05E-05,0.00017172
1.05E-06,1.05E-06,3.99E-04,1.24E-03,4.37E-06,4.19E-05,,2.71E-02,3.23E-02,8.04E-04,2.28E-03,9.06E-05,0.00017178
1.05E-06,1.05E-06,4.00E-04,1.24E-03,4.53E-06,4.20E-05,,2.72E-02,3.24E-02,8.05E-04,2.28E-03,9.06E-05,0.00017211
1.05E-06,1.05E-06,4.02E-04,1.25E-03,4.58E-06,4.25E-05,,2.72E-02,3.25E-02,8.06E-04,2.28E-03,9.08E-05,0.0001724
1.05E-06,1.05E-06,4.03E-04,1.26E-03,4.59E-06,4.30E-05,,2.73E-02,3.26E-02,8.07E-04,2.28E-03,9.09E-05,0.0001726
1.01E-06,1.01E-06,4.04E-04,1.26E-03,4.60E-06,4.33E-05,,2.74E-02,3.26E-02,8.08E-04,2.29E-03,9.10E-05,0.00017278
1.05E-06,1.05E-06,4.05E-04,1.27E-03,4.65E-06,4.36E-05,,2.74E-02,3.27E-02,8.09E-04,2.29E-03,9.10E-05,0.0001728
1.05E-06,1.05E-06,4.06E-04,1.28E-03,4.67E-06,4.38E-05,,2.75E-02,3.28E-02,8.10E-04,2.29E-03,9.10E-05,0.00017301
1.05E-06,1.05E-06,4.07E-04,1.28E-03,4.70E-06,4.39E-05,,2.76E-02,3.28E-02,8.11E-04,2.30E-03,9.10E-05,0.00017316
1.01E-06,1.01E-06,4.08E-04,1.29E-03,4.77E-06,4.40E-05,,2.76E-02,3.29E-02,8.12E-04,2.30E-03,9.10E-05,0.00017335
1.05E-06,1.06E-06,4.09E-04,1.29E-03,4.80E-06,4.42E-05,,2.77E-02,3.30E-02,8.13E-04,2.30E-03,9.11E-05,0.00017365
1.06E-06,1.05E-06,4.10E-04,1.30E-03,4.84E-06,4.43E-05,,2.77E-02,3.30E-02,8.14E-04,2.31E-03,9.11E-05,0.00017405
1.05E-06,1.05E-06,4.11E-04,1.30E-03,4.86E-06,4.44E-05,,2.78E-02,3.31E-02,8.15E-04,2.31E-03,9.11E-05,0.00017406
1.05E-06,1.05E-06,4.12E-04,1.31E-03,4.90E-06,4.47E-05,,2.79E-02,3.32E-02,8.16E-04,2.31E-03,9.12E-05,0.00017433
1.01E-06,1.01E-06,4.13E-04,1.32E-03,4.94E-06,4.48E-05,,2.79E-02,3.32E-02,8.17E-04,2.32E-03,9.15E-05,0.00017459
1.05E-06,1.06E-06,4.14E-04,1.32E-03,4.99E-06,4.50E-05,,2.80E-02,3.33E-02,8.18E-04,2.32E-03,9.15E-05,0.00017478
1.07E-06,1.05E-06,4.15E-04,1.33E-03,5.04E-06,4.52E-05,,2.80E-02,3.34E-02,8.19E-04,2.32E-03,9.15E-05,0.00017495
1.05E-06,1.05E-06,4.16E-04,1.33E-03,5.13E-06,4.54E-05,,2.81E-02,3.35E-02,8.20E-04,2.32E-03,9.16E-05,0.0001751
1.01E-06,1.01E-06,4.17E-04,1.34E-03,5.20E-06,4.56E-05,,2.82E-02,3.35E-02,8.21E-04,2.33E-03,9.16E-05,0.00017531
1.05E-06,1.06E-06,4.18E-04,1.35E-03,5.27E-06,4.64E-05,,2.82E-02,3.36E-02,8.22E-04,2.33E-03,9.16E-05,0.00017556
1.05E-06,1.05E-06,4.19E-04,1.35E-03,5.35E-06,4.69E-05,,2.83E-02,3.37E-02,8.23E-04,2.33E-03,9.16E-05,0.00017596
1.05E-06,1.18E-06,4.20E-04,1.36E-03,5.50E-06,4.73E-05,,2.84E-02,3.37E-02,8.24E-04,2.34E-03,9.16E-05,0.00017599
1.05E-06,1.12E-06,4.21E-04,1.37E-03,5.60E-06,4.81E-05,,2.84E-02,3.38E-02,8.25E-04,2.34E-03,9.16E-05,0.00017608
1.01E-06,1.01E-06,4.22E-04,1.37E-03,5.76E-06,4.87E-05,,2.85E-02,3.39E-02,8.26E-04,2.34E-03,9.17E-05,0.00017628
1.05E-06,1.06E-06,4.23E-04,1.38E-03,5.82E-06,4.91E-05,,2.85E-02,3.39E-02,8.27E-04,2.35E-03,9.17E-05,0.00017633
1.05E-06,1.05E-06,4.24E-04,1.38E-03,6.00E-06,4.95E-05,,2.86E-02,3.40E-02,8.28E-04,2.35E-03,9.17E-05,0.00017635
1.05E-06,1.05E-06,4.25E-04,1.39E-03,6.11E-06,4.99E-05,,2.87E-02,3.41E-02,8.29E-04,2.35E-03,9.17E-05,0.00017642
1.01E-06,1.02E-06,4.26E-04,1.40E-03,6.14E-06,5.02E-05,,2.87E-02,3.41E-02,8.30E-04,2.36E-03,9.18E-05,0.00017646
1.18E-06,1.34E-06,4.27E-04,1.40E-03,6.25E-06,5.04E-05,,2.88E-02,3.42E-02,8.31E-04,2.36E-03,9.19E-05,0.00017658
1.05E-06,1.14E-06,4.28E-04,1.41E-03,6.36E-06,5.10E-05,,2.88E-02,3.43E-02,8.32E-04,2.36E-03,9.19E-05,0.00017668
1.05E-06,1.06E-06,4.29E-04,1.41E-03,6.46E-06,5.14E-05,,2.89E-02,3.43E-02,8.33E-04,2.37E-03,9.20E-05,0.00017677
1.05E-06,1.08E-06,4.31E-04,1.42E-03,6.60E-06,5.18E-05,,2.90E-02,3.44E-02,8.34E-04,2.37E-03,9.20E-05,0.00017712
1.01E-06,1.09E-06,4.32E-04,1.43E-03,6.73E-06,5.23E-05,,2.90E-02,3.45E-02,8.35E-04,2.37E-03,9.20E-05,0.00017719
1.06E-06,1.07E-06,4.33E-04,1.43E-03,6.85E-06,5.34E-05,,2.91E-02,3.46E-02,8.36E-04,2.38E-03,9.20E-05,0.00017728
1.05E-06,1.05E-06,4.34E-04,1.44E-03,6.97E-06,5.37E-05,,2.91E-02,3.46E-02,8.37E-04,2.38E-03,9.20E-05,0.00017744
1.05E-06,1.12E-06,4.35E-04,1.44E-03,7.08E-06,5.43E-05,,2.92E-02,3.47E-02,8.38E-04,2.38E-03,9.20E-05,0.0001776
1.05E-06,1.07E-06,4.36E-04,1.45E-03,7.34E-06,5.45E-05,,2.93E-02,3.48E-02,8.39E-04,2.39E-03,9.21E-05,0.00017767
1.03E-06,1.01E-06,4.37E-04,1.46E-03,7.50E-06,5.47E-05,,2.93E-02,3.48E-02,8.40E-04,2.39E-03,9.21E-05,0.00017772
1.26E-06,1.05E-06,4.38E-04,1.46E-03,7.65E-06,5.49E-05,,2.94E-02,3.49E-02,8.41E-04,2.39E-03,9.21E-05,0.00017795
1.07E-06,1.07E-06,4.39E-04,1.47E-03,7.81E-06,5.54E-05,,2.94E-02,3.50E-02,8.42E-04,2.40E-03,9.21E-05,0.00017807
1.05E-06,1.13E-06,4.40E-04,1.48E-03,7.95E-06,5.58E-05,,2.95E-02,3.51E-02,8.43E-04,2.40E-03,9.21E-05,0.00017867
1.05E-06,1.04E-06,4.41E-04,1.48E-03,8.12E-06,5.64E-05,,2.96E-02,3.52E-02,8.44E-04,2.40E-03,9.21E-05,0.00017874
1.26E-06,1.10E-06,4.42E-04,1.49E-03,8.35E-06,5.69E-05,,2.96E-02,3.53E-02,8.45E-04,2.41E-03,9.21E-05,0.0001789
1.07E-06,1.14E-06,4.43E-04,1.49E-03,8.55E-06,5.80E-05,,2.97E-02,3.54E-02,8.46E-04,2.41E-03,9.22E-05,0.00017901
1.14E-06,1.07E-06,4.44E-04,1.50E-03,8.70E-06,5.83E-05,,2.97E-02,3.54E-02,8.47E-04,2.41E-03,9.22E-05,0.00017928
1.11E-06,1.05E-06,4.45E-04,1.51E-03,8.91E-06,5.90E-05,,2.98E-02,3.55E-02,8.48E-04,2.42E-03,9.22E-05,0.00017933
1.70E-06,1.01E-06,4.46E-04,1.51E-03,9.13E-06,5.95E-05,,2.98E-02,3.56E-02,8.49E-04,2.42E-03,9.22E-05,0.00017947
1.19E-06,1.07E-06,4.47E-04,1.52E-03,9.43E-06,5.98E-05,,2.99E-02,3.57E-02,8.50E-04,2.42E-03,9.22E-05,0.00017962
1.20E-06,1.14E-06,4.48E-04,1.53E-03,9.67E-06,5.99E-05,,3.00E-02,3.57E-02,8.51E-04,2.43E-03,9.22E-05,0.00017979
1.30E-06,1.06E-06,4.49E-04,1.53E-03,1.01E-05,6.06E-05,,3.00E-02,3.58E-02,8.52E-04,2.43E-03,9.22E-05,0.0001799
1.10E-06,1.01E-06,4.50E-04,1.54E-03,1.04E-05,6.09E-05,,3.01E-02,3.58E-02,8.53E-04,2.43E-03,9.22E-05,0.00018038
1.14E-06,1.05E-06,4.51E-04,1.55E-03,1.06E-05,6.15E-05,,3.01E-02,3.59E-02,8.54E-04,2.44E-03,9.23E-05,0.00018039
1.11E-06,1.05E-06,4.52E-04,1.55E-03,1.08E-05,6.18E-05,,3.02E-02,3.60E-02,8.55E-04,2.44E-03,9.23E-05,0.00018044
1.09E-06,1.05E-06,4.53E-04,1.56E-03,1.11E-05,6.20E-05,,3.03E-02,3.60E-02,8.56E-04,2.44E-03,9.23E-05,0.00018069
1.13E-06,1.05E-06,4.54E-04,1.57E-03,1.15E-05,6.26E-05,,3.03E-02,3.61E-02,8.57E-04,2.45E-03,9.24E-05,0.0001808
1.01E-06,1.01E-06,4.55E-04,1.57E-03,1.17E-05,6.28E-05,,3.04E-02,3.62E-02,8.58E-04,2.45E-03,9.24E-05,0.00018112
1.11E-06,1.05E-06,4.56E-04,1.58E-03,1.21E-05,6.31E-05,,3.04E-02,3.62E-02,8.59E-04,2.45E-03,9.24E-05,0.00018115
1.10E-06,1.05E-06,4.57E-04,1.59E-03,1.25E-05,6.38E-05,,3.05E-02,3.63E-02,8.60E-04,2.46E-03,9.24E-05,0.00018118
1.09E-06,1.05E-06,4.58E-04,1.59E-03,1.32E-05,6.44E-05,,3.05E-02,3.64E-02,8.61E-04,2.46E-03,9.24E-05,0.0001812
1.01E-06,1.01E-06,4.59E-04,1.60E-03,1.38E-05,6.48E-05,,3.06E-02,3.64E-02,8.62E-04,2.46E-03,9.24E-05,0.00018135
1.09E-06,1.06E-06,4.60E-04,1.61E-03,1.45E-05,6.55E-05,,3.06E-02,3.65E-02,8.63E-04,2.47E-03,9.25E-05,0.00018165
1.09E-06,1.05E-06,4.61E-04,1.61E-03,1.50E-05,6.62E-05,,3.07E-02,3.66E-02,8.64E-04,2.47E-03,9.25E-05,0.00018185
1.09E-06,1.05E-06,4.62E-04,1.62E-03,1.58E-05,6.69E-05,,3.08E-02,3.66E-02,8.65E-04,2.48E-03,9.25E-05,0.00018194
1.14E-06,1.05E-06,4.64E-04,1.63E-03,1.62E-05,6.77E-05,,3.08E-02,3.67E-02,8.66E-04,2.48E-03,9.25E-05,0.00018202
1.02E-06,1.01E-06,4.65E-04,1.63E-03,1.70E-05,6.84E-05,,3.09E-02,3.67E-02,8.67E-04,2.48E-03,9.26E-05,0.00018219
1.12E-06,1.05E-06,4.66E-04,1.64E-03,1.79E-05,6.92E-05,,3.09E-02,3.68E-02,8.68E-04,2.49E-03,9.27E-05,0.00018248
1.10E-06,1.05E-06,4.67E-04,1.65E-03,1.91E-05,6.98E-05,,3.10E-02,3.69E-02,8.69E-04,2.49E-03,9.27E-05,0.00018262
1.36E-06,1.05E-06,4.68E-04,1.65E-03,2.02E-05,7.05E-05,,3.10E-02,3.69E-02,8.70E-04,2.49E-03,9.27E-05,0.00018269
1.65E-06,1.05E-06,4.69E-04,1.66E-03,2.11E-05,7.12E-05,,3.11E-02,3.70E-02,8.71E-04,2.50E-03,9.27E-05,0.00018291
1.05E-06,1.01E-06,4.70E-04,1.67E-03,2.24E-05,7.20E-05,,3.11E-02,3.71E-02,8.72E-04,2.50E-03,9.27E-05,0.00018298
1.41E-06,1.26E-06,4.71E-04,1.67E-03,2.40E-05,7.29E-05,,3.12E-02,3.71E-02,8.73E-04,2.51E-03,9.28E-05,0.00018323
1.12E-06,1.05E-06,4.72E-04,1.68E-03,2.59E-05,7.38E-05,,3.13E-02,3.72E-02,8.74E-04,2.51E-03,9.28E-05,0.00018346
1.12E-06,1.05E-06,4.73E-04,1.69E-03,2.86E-05,7.50E-05,,3.13E-02,3.73E-02,8.75E-04,2.51E-03,9.28E-05,0.00018381
1.01E-06,1.01E-06,4.74E-04,1.69E-03,3.08E-05,7.64E-05,,3.14E-02,3.73E-02,8.76E-04,2.52E-03,9.29E-05,0.00018386
1.10E-06,1.05E-06,4.75E-04,1.70E-03,3.38E-05,7.87E-05,,3.14E-02,3.74E-02,8.77E-04,2.52E-03,9.30E-05,0.00018421
1.09E-06,1.05E-06,4.76E-04,1.71E-03,3.74E-05,8.17E-05,,3.15E-02,3.75E-02,8.78E-04,2.52E-03,9.30E-05,0.00018452
1.10E-06,1.05E-06,4.77E-04,1.72E-03,4.31E-05,8.65E-05,,3.15E-02,3.75E-02,8.79E-04,2.53E-03,9.31E-05,0.00018488
1.11E-06,1.18E-06,4.78E-04,1.72E-03,5.24E-05,9.81E-05,,3.16E-02,3.76E-02,8.80E-04,2.53E-03,9.32E-05,0.00018525
1.01E-06,1.01E-06,4.79E-04,1.73E-03,8.94E-05,0.00014189,,3.16E-02,3.76E-02,8.81E-04,2.53E-03,9.32E-05,0.0001854